formation_year,rank,ticker,overall_score,valuation_score,quality_score,quality_coverage,missing_metrics,historical_pe_observations_used,valuation_percentile,buy_date,buy_price,sell_date,sell_price,annual_return
2015,1,BKNG,81.2,66.2,96.3,0.7778,"FCF Margin, FCF Conversion",3,0.5,2015-04-01,45.0275,2016-04-01,50.9066,0.1306
2015,2,EW,69.3,46.2,92.5,0.7778,"FCF Margin, FCF Conversion",5,0.75,2015-04-01,23.45,2016-04-01,29.9733,0.2782
2015,3,MA,70.9,51.5,90.3,1.0,,5,0.75,2015-04-01,80.8566,2016-04-01,90.0162,0.1133
2015,4,MSFT,52.7,15.7,89.7,0.7778,"FCF Margin, FCF Conversion",4,1.0,2015-04-01,34.802,2016-04-01,48.7898,0.4019
2015,5,ANET,92.2,95.9,88.5,0.8889,EPS CAGR,2,0.0,2015-04-01,4.3513,2016-04-01,3.8837,-0.1074
2015,6,META,77.6,66.9,88.3,0.7778,"ROIC, EPS CAGR",3,0.5,2015-04-01,80.959,2016-04-01,115.0497,0.4211
2015,7,JNJ,61.2,35.6,86.8,1.0,,4,1.0,2015-04-01,72.7059,2016-04-01,82.4614,0.1342
2015,8,LRCX,84.8,84.3,85.3,0.7778,"FCF Margin, FCF Conversion",4,0.0,2015-04-01,6.0187,2016-04-01,7.2165,0.199
2015,9,TXN,79.9,75.8,84.1,0.7778,"FCF Margin, FCF Conversion",4,0.3333,2015-04-01,41.3862,2016-04-01,43.5718,0.0528
2015,10,MCO,59.4,34.7,84.0,1.0,,4,1.0,2015-04-01,93.0699,2016-04-01,88.1687,-0.0527
2016,1,ANET,93.8,93.5,94.0,0.8889,ROIC,3,0.0,2016-04-01,3.8837,2017-04-01,8.2312,1.1194
2016,2,GOOGL,81.2,69.0,93.3,1.0,,8,0.4286,2016-04-01,38.1453,2017-04-01,42.461,0.1131
2016,3,META,88.7,84.7,92.7,0.8889,ROIC,4,0.0,2016-04-01,115.0497,2017-04-01,141.0414,0.2259
2016,4,AAPL,74.6,56.7,92.5,0.7778,"FCF Margin, FCF Conversion",7,0.6667,2016-04-01,24.8662,2017-04-01,33.1741,0.3341
2016,5,LRCX,80.8,72.8,88.8,0.7778,"FCF Margin, FCF Conversion",5,0.25,2016-04-01,7.2165,2017-04-01,11.3444,0.572
2016,6,SBUX,66.8,47.9,85.8,1.0,,5,0.5,2016-04-01,48.8464,2017-04-01,47.5398,-0.0267
2016,7,REGN,79.2,73.2,85.3,0.8889,ROIC,5,0.25,2016-04-01,401.4615,2017-04-01,379.6077,-0.0544
2016,8,EW,64.4,43.8,85.0,0.7778,"FCF Margin, FCF Conversion",6,0.8,2016-04-01,29.9733,2017-04-01,31.4833,0.0504
2016,9,TXN,60.0,35.1,85.0,0.7778,"FCF Margin, FCF Conversion",5,1.0,2016-04-01,43.5718,2017-04-01,61.9821,0.4225
2016,10,CDNS,55.5,26.6,84.3,0.8889,ROIC,5,1.0,2016-04-01,23.64,2017-04-01,31.15,0.3177
2017,1,GOOGL,60.5,26.3,94.8,1.0,,9,0.875,2017-04-01,42.461,2018-04-01,50.1865,0.1819
2017,2,ADBE,76.8,61.5,92.0,0.8889,ROIC,7,0.5,2017-04-01,129.59,2018-04-01,212.28,0.6381
2017,3,REGN,81.8,73.7,90.0,0.8889,ROIC,6,0.2,2017-04-01,379.6077,2018-04-01,327.4698,-0.1373
2017,4,CRM,92.9,97.0,88.8,0.7778,"ROIC, EPS CAGR",1,0.0,2017-04-01,80.9102,2018-04-01,113.3392,0.4008
2017,5,AMAT,77.4,67.3,87.5,1.0,,6,0.2,2017-04-01,35.2042,2018-04-01,48.2653,0.371
2017,6,NVDA,60.0,36.2,83.8,0.7778,"FCF Margin, FCF Conversion",6,0.8,2017-04-01,2.6692,2018-04-01,5.4618,1.0462
2017,7,SPGI,63.8,44.6,82.9,0.8889,EPS CAGR,5,0.75,2017-04-01,112.6249,2018-04-01,164.2715,0.4586
2017,8,INTU,47.4,12.0,82.8,1.0,,3,1.0,2017-04-01,107.9754,2018-04-01,159.5814,0.4779
2017,9,ANET,79.5,76.2,82.7,0.8889,ROIC,4,0.3333,2017-04-01,8.2312,2018-04-01,15.8444,0.9249
2017,10,CPRT,54.0,26.5,81.6,0.7778,"FCF Margin, FCF Conversion",7,1.0,2017-04-01,7.6,2018-04-01,12.45,0.6382
2018,1,ANET,92.1,88.2,96.0,0.8889,ROIC,5,0.0,2018-04-01,15.8444,2019-04-01,19.8975,0.2558
2018,2,LRCX,87.8,80.4,95.3,0.7778,"FCF Margin, FCF Conversion",7,0.0,2018-04-01,17.3118,2019-04-01,16.9154,-0.0229
2018,3,NVDA,86.5,77.8,95.3,0.7778,"FCF Margin, FCF Conversion",7,0.1667,2018-04-01,5.4618,2019-04-01,4.5182,-0.1728
2018,4,META,87.5,79.9,95.0,0.8889,ROIC,6,0.0,2018-04-01,154.0373,2019-04-01,167.2314,0.0857
2018,5,ADBE,83.0,72.0,94.0,0.8889,ROIC,8,0.2857,2018-04-01,212.28,2019-04-01,272.17,0.2821
2018,6,AMAT,85.2,77.2,93.3,1.0,,7,0.0,2018-04-01,48.2653,2019-04-01,38.2642,-0.2072
2018,7,INTU,67.5,41.7,93.3,1.0,,4,0.6667,2018-04-01,159.5814,2019-04-01,251.8152,0.578
2018,8,CPRT,71.7,52.7,90.6,0.7778,"FCF Margin, FCF Conversion",8,0.7143,2018-04-01,12.45,2019-04-01,15.545,0.2486
2018,9,ASML,82.9,76.1,89.7,0.7778,"FCF Margin, FCF Conversion",7,0.3333,2018-04-01,177.5657,2019-04-01,178.6095,0.0059
2018,10,REGN,83.4,79.6,87.3,0.8889,ROIC,7,0.0,2018-04-01,327.4698,2019-04-01,406.2166,0.2405
2019,1,NVDA,55.3,14.3,96.3,0.7778,"FCF Margin, FCF Conversion",8,1.0,2019-04-01,4.5182,2020-04-01,6.046,0.3381
2019,2,LRCX,74.2,53.1,95.3,0.7778,"FCF Margin, FCF Conversion",8,0.7143,2019-04-01,16.9154,2020-04-01,20.8886,0.2349
2019,3,INTU,70.8,46.7,94.8,1.0,,5,0.75,2019-04-01,251.8152,2020-04-01,208.242,-0.173
2019,4,META,85.8,77.6,94.0,0.8889,ROIC,7,0.1667,2019-04-01,167.2314,2020-04-01,158.2107,-0.0539
2019,5,ADBE,75.3,56.6,94.0,0.8889,ROIC,9,0.625,2019-04-01,272.17,2020-04-01,301.21,0.1067
2019,6,V,65.5,38.6,92.5,1.0,,9,0.875,2019-04-01,149.1366,2020-04-01,146.0894,-0.0204
2019,7,KLAC,57.5,22.6,92.5,1.0,,9,1.0,2019-04-01,11.1334,2020-04-01,12.2642,0.1016
2019,8,BKNG,90.4,88.8,92.0,1.0,,7,0.0,2019-04-01,68.9055,2020-04-01,49.8072,-0.2772
2019,9,MSFT,72.2,52.4,92.0,1.0,,8,0.7143,2019-04-01,111.3404,2020-04-01,144.178,0.2949
2019,10,REGN,82.0,73.1,91.0,0.8889,ROIC,8,0.1429,2019-04-01,406.2166,2020-04-01,492.0071,0.2112
2020,1,ANET,87.3,76.9,97.8,1.0,,7,0.3333,2020-04-01,12.0481,2021-04-01,19.2525,0.598
2020,2,ADBE,80.3,64.4,96.3,1.0,,10,0.4444,2020-04-01,301.21,2021-04-01,483.34,0.6047
2020,3,INTU,59.5,24.1,94.8,1.0,,6,0.8,2020-04-01,208.242,2021-04-01,380.0698,0.8251
2020,4,V,57.2,23.5,91.0,1.0,,10,1.0,2020-04-01,146.0894,2021-04-01,208.2115,0.4252
2020,5,MA,55.5,19.9,91.0,1.0,,10,1.0,2020-04-01,220.2506,2021-04-01,351.8792,0.5976
2020,6,MSFT,68.0,45.5,90.5,1.0,,9,0.75,2020-04-01,144.178,2021-04-01,232.0467,0.6094
2020,7,EW,52.5,15.6,89.5,1.0,,10,1.0,2020-04-01,57.5433,2021-04-01,83.84,0.457
2020,8,GOOGL,72.7,57.3,88.0,1.0,,12,0.6364,2020-04-01,54.6207,2021-04-01,105.553,0.9325
2020,9,BKNG,88.2,88.8,87.5,1.0,,7,0.0,2020-04-01,49.8072,2021-04-01,93.3162,0.8735
2020,10,REGN,83.8,80.0,87.5,1.0,,9,0.0,2020-04-01,492.0071,2021-04-01,470.4901,-0.0437
2021,1,ADBE,74.5,53.6,95.5,1.0,,11,0.7,2021-04-01,483.34,2022-04-01,458.19,-0.052
2021,2,MPWR,63.5,32.9,94.0,0.8889,ROIC,10,0.8889,2021-04-01,353.8208,2022-04-01,448.7802,0.2684
2021,3,META,85.2,77.8,92.5,1.0,,9,0.125,2021-04-01,296.0602,2022-04-01,222.8927,-0.2471
2021,4,REGN,84.0,76.9,91.0,1.0,,10,0.0,2021-04-01,470.4901,2022-04-01,688.3344,0.463
2021,5,MSFT,63.2,35.5,91.0,1.0,,10,0.8889,2021-04-01,232.0467,2022-04-01,298.6785,0.2871
2021,6,CDNS,51.4,12.8,90.0,0.8889,ROIC,10,1.0,2021-04-01,141.49,2022-04-01,165.63,0.1706
2021,7,ASML,57.5,27.8,87.3,1.0,,10,0.8889,2021-04-01,606.0914,2022-04-01,638.7171,0.0538
2021,8,INTU,56.9,26.7,87.0,1.0,,7,0.8333,2021-04-01,380.0698,2022-04-01,467.7164,0.2306
2021,9,GOOGL,79.5,72.5,86.5,1.0,,13,0.3333,2021-04-01,105.553,2022-04-01,138.9187,0.3161
2021,10,CSCO,63.1,39.9,86.3,1.0,,13,0.9167,2021-04-01,44.5659,2022-04-01,49.0123,0.0998
2022,1,META,88.7,80.3,97.0,1.0,,10,0.0,2022-04-01,222.8927,2023-04-01,211.2152,-0.0524
2022,2,ASML,72.8,48.7,97.0,1.0,,11,0.7,2022-04-01,638.7171,2023-04-01,654.0677,0.024
2022,3,GOOGL,91.8,88.0,95.5,1.0,,14,0.0,2022-04-01,138.9187,2023-04-01,103.4428,-0.2554
2022,4,ADBE,85.5,75.6,95.5,1.0,,12,0.1818,2022-04-01,458.19,2023-04-01,380.08,-0.1705
2022,5,REGN,80.3,65.1,95.5,1.0,,11,0.3,2022-04-01,688.3344,2023-04-01,818.4664,0.1891
2022,6,FTNT,83.3,73.2,93.5,1.0,,10,0.1111,2022-04-01,67.802,2023-04-01,66.31,-0.022
2022,7,LRCX,86.7,80.0,93.3,1.0,,11,0.1,2022-04-01,50.273,2023-04-01,50.6283,0.0071
2022,8,KLAC,80.1,67.7,92.5,1.0,,12,0.4545,2022-04-01,34.4976,2023-04-01,38.7236,0.1225
2022,9,QCOM,79.7,66.9,92.5,1.0,,7,0.5,2022-04-01,133.6206,2023-04-01,116.0664,-0.1314
2022,10,MSFT,76.7,60.9,92.5,1.0,,11,0.6,2022-04-01,298.6785,2023-04-01,279.9788,-0.0626
2023,1,GOOGL,83.2,70.8,95.5,1.0,,15,0.3571,2023-04-01,103.4428,2024-04-01,154.1234,0.4899
2023,2,ASML,75.0,54.4,95.5,1.0,,12,0.6364,2023-04-01,654.0677,2024-04-01,972.7534,0.4872
2023,3,NVDA,66.4,37.3,95.5,1.0,,12,0.8182,2023-04-01,27.9077,2024-04-01,90.2069,2.2323
2023,4,V,75.2,56.5,94.0,1.0,,13,0.6667,2023-04-01,222.9818,2024-04-01,273.0928,0.2247
2023,5,SNPS,65.6,37.9,93.3,1.0,,12,0.8182,2023-04-01,388.94,2024-04-01,576.89,0.4832
2023,6,CPRT,66.3,39.7,93.0,0.8889,ROIC,13,0.8333,2023-04-01,37.74,2024-04-01,58.07,0.5387
2023,7,CDNS,58.8,24.5,93.0,0.8889,ROIC,12,0.9091,2023-04-01,211.39,2024-04-01,312.13,0.4766
2023,8,MA,76.3,60.2,92.5,1.0,,13,0.5833,2023-04-01,358.9078,2024-04-01,471.3647,0.3133
2023,9,TXN,66.0,41.5,90.5,1.0,,12,0.8182,2023-04-01,166.548,2024-04-01,161.646,-0.0294
2023,10,PAYX,69.5,48.8,90.3,1.0,,13,0.75,2023-04-01,98.9757,2024-04-01,111.4771,0.1263
2024,1,MPWR,87.4,78.8,96.0,0.8889,ROIC,13,0.0,2024-04-01,657.3719,2025-04-01,576.2155,-0.1235
2024,2,SNPS,79.8,65.5,94.0,1.0,,13,0.4167,2024-04-01,576.89,2025-04-01,435.94,-0.2443
2024,3,CDNS,55.0,18.0,92.0,0.8889,ROIC,13,1.0,2024-04-01,312.13,2025-04-01,258.79,-0.1709
2024,4,MA,69.0,47.8,90.3,1.0,,14,0.7692,2024-04-01,471.3647,2025-04-01,543.5145,0.1531
2024,5,V,71.0,53.2,88.8,1.0,,14,0.6923,2024-04-01,273.0928,2025-04-01,342.4298,0.2539
2024,6,AVGO,50.2,12.0,88.5,1.0,,11,1.0,2024-04-01,132.114,2025-04-01,166.9014,0.2633
2024,7,CSCO,60.2,33.6,86.8,1.0,,16,0.9333,2024-04-01,46.9276,2025-04-01,59.7852,0.274
2024,8,ADBE,80.4,74.3,86.5,1.0,,14,0.2308,2024-04-01,502.09,2025-04-01,383.2,-0.2368
2024,9,PAYX,60.5,34.9,86.0,1.0,,14,0.9231,2024-04-01,111.4771,2025-04-01,145.9071,0.3089
2024,10,FAST,54.6,23.5,85.8,1.0,,13,1.0,2024-04-01,36.2836,2025-04-01,37.5989,0.0363
2025,1,META,76.3,60.2,92.5,1.0,,13,0.5,2025-04-01,583.6367,2026-04-01,578.6937,-0.0085
2025,2,GOOGL,74.0,55.4,92.5,1.0,,17,0.6875,2025-04-01,156.4338,2026-04-01,297.2125,0.8999
2025,3,ASML,68.3,44.9,91.8,1.0,,14,0.7692,2025-04-01,659.2542,2026-04-01,1355.0439,1.0554
2025,4,NVDA,79.0,66.9,91.0,1.0,,13,0.5,2025-04-01,109.9959,2026-04-01,175.5454,0.5959
2025,5,MPWR,66.2,41.3,91.0,0.8889,ROIC,14,0.8462,2025-04-01,576.2155,2026-04-01,1117.8044,0.9399
2025,6,SNPS,69.1,48.4,89.8,1.0,,14,0.6923,2025-04-01,435.94,2026-04-01,396.74,-0.0899
2025,7,ADBE,83.5,77.6,89.5,1.0,,15,0.0714,2025-04-01,383.2,2026-04-01,241.37,-0.3701
2025,8,MSFT,75.5,62.1,88.8,1.0,,14,0.5385,2025-04-01,378.4666,2026-04-01,368.5717,-0.0261
2025,9,V,67.8,46.8,88.8,1.0,,15,0.7857,2025-04-01,342.4298,2026-04-01,297.3401,-0.1317
2025,10,MA,76.8,66.4,87.3,1.0,,15,0.5,2025-04-01,543.5145,2026-04-01,489.9852,-0.0985
