Date,SimFinId,Open,High,Low,Close,Adj. Close,Volume,Dividend,Shares Outstanding
2020-09-09,89661,148.15,151.1,148.12,149.7,127.58,6960668,,2632823475.0
2020-09-10,89661,149.25,149.78,146.52,146.91,125.21,6191800,,2632823475.0
2020-09-11,89661,147.05,148.53,146.63,147.78,125.95,3934691,,2632823475.0
2020-09-14,89661,148.12,149.47,148.01,148.35,126.43,4375798,,2632823475.0
2020-09-15,89661,149.45,150.59,148.52,148.89,126.89,3659221,,2632823475.0
2020-09-16,89661,149.39,150.06,148.35,148.4,126.48,4323502,,2632823475.0
2020-09-17,89661,148.04,148.63,146.05,147.17,125.43,5461414,,2632823475.0
2020-09-18,89661,146.51,149.65,146.2,149.18,127.14,12174044,,2632823475.0
2020-09-21,89661,147.58,147.93,142.96,145.1,123.66,7574501,,2632823475.0
2020-09-22,89661,144.69,145.35,143.72,144.21,122.9,5295917,,2632823475.0
2020-09-23,89661,147.48,147.55,144.38,144.44,123.1,8784436,,2632823475.0
2020-09-24,89661,144.56,145.25,143.34,144.67,123.3,5614844,,2632823475.0
2020-09-25,89661,144.0,146.25,143.89,145.66,124.14,5531209,,2632823475.0
2020-09-28,89661,146.73,148.29,146.42,147.11,125.38,5843189,,2632823475.0
2020-09-29,89661,147.6,147.92,146.06,147.06,125.33,6771016,,2632823475.0
2020-09-30,89661,147.45,149.73,146.84,148.88,126.88,8487691,,2632823475.0
2020-10-01,89661,149.31,149.65,146.46,147.32,125.55,6457808,,2632823475.0
2020-10-02,89661,146.21,148.41,145.83,146.24,124.63,5485602,,2632823475.0
2020-10-05,89661,147.0,148.38,146.42,148.23,126.33,4992758,,2632823475.0
2020-10-06,89661,148.28,148.61,145.87,146.26,124.65,5118212,,2632823475.0
2020-10-07,89661,146.49,148.23,145.81,147.88,126.03,5603123,,2632823475.0
2020-10-08,89661,148.5,149.85,148.04,148.89,126.89,4413531,,2632823475.0
2020-10-09,89661,149.65,151.48,149.44,150.97,128.67,5054116,,2632823475.0
2020-10-12,89661,151.6,153.14,151.02,151.84,129.41,7273170,,2632823475.0
2020-10-13,89661,149.0,150.12,147.77,148.36,126.44,11057570,,2632823475.0
2020-10-14,89661,148.82,149.03,147.39,148.1,126.22,7707047,,2632823475.0
2020-10-15,89661,147.48,147.9,146.33,147.19,125.44,5979015,,2632823475.0
2020-10-16,89661,147.6,148.76,147.01,148.1,126.22,6098404,,2632823475.0
2020-10-19,89661,148.53,148.9,144.13,144.32,123.0,7250755,,2632542672.0
2020-10-20,89661,144.66,145.75,144.12,144.55,123.19,5326540,,2632542672.0
2020-10-21,89661,144.12,145.34,143.91,143.93,122.67,5221348,,2632542672.0
2020-10-22,89661,144.16,145.69,143.84,145.08,123.65,5280253,,2632542672.0
2020-10-23,89661,145.88,147.47,144.35,145.24,123.78,4154372,,2632542672.0
2020-10-26,89661,144.43,144.77,142.75,143.97,122.7,6929472,,2632542672.0
2020-10-27,89661,143.74,144.29,142.92,143.15,122.0,4890064,,2632542672.0
2020-10-28,89661,141.43,141.98,138.18,138.36,117.92,8426065,,2632542672.0
2020-10-29,89661,138.0,138.7,136.05,137.19,116.92,7205409,,2632542672.0
2020-10-30,89661,136.68,137.54,133.65,137.11,116.85,7364752,,2632542672.0
2020-11-02,89661,138.98,139.01,137.49,138.69,118.2,7088029,,2632542672.0
2020-11-03,89661,140.02,140.96,137.78,138.5,118.04,6362978,,2632542672.0
2020-11-04,89661,139.49,142.54,138.7,139.4,118.8,10263515,,2632542672.0
2020-11-05,89661,140.55,141.83,139.26,139.76,119.11,8016160,,2632542672.0
2020-11-06,89661,140.4,143.19,139.65,142.25,121.23,5942538,,2632542672.0
2020-11-09,89661,148.43,148.99,144.92,146.08,124.5,12351644,,2632542672.0
2020-11-10,89661,147.25,148.75,146.26,148.28,126.37,7386462,,2632542672.0
2020-11-11,89661,149.17,149.2,146.86,147.8,125.96,6382407,,2632542672.0
2020-11-12,89661,147.61,148.65,146.75,148.3,126.39,4712177,,2632542672.0
2020-11-13,89661,149.09,150.41,148.41,149.9,127.75,5896537,,2632542672.0
2020-11-16,89661,150.92,151.3,149.8,150.85,128.56,6266384,,2632542672.0
2020-11-17,89661,150.0,150.63,149.12,149.35,127.28,7297736,,2632542672.0
2020-11-18,89661,148.87,149.76,147.37,147.37,125.6,6661008,,2632542672.0
2020-11-19,89661,147.3,147.46,145.59,147.14,125.4,7987716,,2632542672.0
2020-11-20,89661,147.05,147.94,146.13,146.36,124.74,6356142,,2632542672.0
2020-11-23,89661,146.01,146.01,143.04,143.87,123.48,7318255,1.01,2632542672.0
2020-11-24,89661,144.0,144.76,143.61,143.87,123.48,11025765,,2632542672.0
2020-11-25,89661,144.06,144.17,142.86,143.68,123.31,7594618,,2632542672.0
2020-11-27,89661,144.5,144.66,143.22,144.0,123.59,3059001,,2632542672.0
2020-11-30,89661,144.23,144.86,143.06,144.68,124.17,15663242,,2632542672.0
2020-12-01,89661,146.29,149.13,145.86,147.45,126.55,9695743,,2632542672.0
2020-12-02,89661,147.85,149.71,147.7,148.14,127.14,7745516,,2632542672.0
2020-12-03,89661,148.04,149.58,147.69,149.0,127.88,7310486,,2632542672.0
2020-12-04,89661,149.79,150.31,149.27,150.27,128.97,6747083,,2632542672.0
2020-12-07,89661,149.35,149.91,148.51,148.97,127.85,6634743,,2632542672.0
2020-12-08,89661,150.0,152.14,149.55,151.55,130.07,8339847,,2632542672.0
2020-12-09,89661,152.83,153.5,151.75,153.1,131.4,8440069,,2632542672.0
2020-12-10,89661,152.82,152.98,151.68,152.25,130.67,7392928,,2632542672.0
2020-12-11,89661,151.53,153.41,151.23,152.95,131.27,5973255,,2632542672.0
2020-12-14,89661,153.25,153.48,148.99,149.07,127.94,8547296,,2632542672.0
2020-12-15,89661,150.0,150.75,149.53,150.57,129.23,7614746,,2632542672.0
2020-12-16,89661,150.2,150.92,149.55,149.67,128.45,8486069,,2632542672.0
2020-12-17,89661,150.09,153.88,149.96,153.62,131.84,9920312,,2632542672.0
2020-12-18,89661,153.65,155.1,151.67,154.51,132.61,17137229,,2632542672.0
2020-12-21,89661,152.01,153.41,150.05,153.02,131.33,7893359,,2632542672.0
2020-12-22,89661,152.4,153.9,151.86,152.72,131.07,4703185,,2632542672.0
2020-12-23,89661,152.8,153.6,151.9,151.94,130.4,4607275,,2632542672.0
2020-12-24,89661,151.85,153.04,151.82,152.47,130.86,2114901,,2632542672.0
2020-12-28,89661,153.32,153.87,152.3,153.19,131.47,3819420,,2632542672.0
2020-12-29,89661,154.11,154.93,153.8,154.14,132.29,5211972,,2632542672.0
2020-12-30,89661,154.74,156.38,154.6,156.05,133.93,5412775,,2632542672.0
2020-12-31,89661,156.53,157.66,155.11,157.38,135.07,5099880,,2632542672.0
2021-01-04,89661,157.24,157.38,154.13,156.5,134.31,11765865,,2632542672.0
2021-01-05,89661,156.25,158.76,155.07,158.34,135.89,9602290,,2632542672.0
2021-01-06,89661,157.24,160.23,156.72,159.83,137.17,8230086,,2632542672.0
2021-01-07,89661,159.0,161.03,158.35,160.37,137.64,7747161,,2632542672.0
2021-01-08,89661,160.51,161.1,159.88,160.04,137.35,8228938,,2632542672.0
2021-01-11,89661,160.56,161.32,158.77,159.37,136.78,7068176,,2632542672.0
2021-01-12,89661,159.15,159.66,157.33,158.13,135.71,6876209,,2632542672.0
2021-01-13,89661,158.23,158.46,156.75,157.89,135.51,6643065,,2632542672.0
2021-01-14,89661,160.45,161.95,159.61,160.65,137.88,10030794,,2632542672.0
2021-01-15,89661,160.3,161.41,159.11,160.3,137.58,7630813,,2632542672.0
2021-01-19,89661,162.0,163.04,161.1,162.78,139.7,9057555,,2632542672.0
2021-01-20,89661,163.2,164.14,161.8,162.38,139.36,6839850,,2632542672.0
2021-01-21,89661,161.32,162.48,160.06,161.73,138.8,6822770,,2632542672.0
2021-01-22,89661,162.36,165.16,161.87,163.55,140.37,8137018,,2632542672.0
2021-01-25,89661,165.01,166.09,163.66,165.98,142.45,9924438,,2632542672.0
2021-01-26,89661,169.7,173.65,169.39,170.48,146.31,14205687,,2632542672.0
2021-01-27,89661,169.12,170.92,167.45,167.88,144.08,14207289,,2632542672.0
2021-01-28,89661,168.2,170.86,167.8,169.16,145.18,8944399,,2632542672.0
2021-01-29,89661,164.26,166.0,160.55,163.13,140.0,22505864,,2632542672.0
2021-02-01,89661,165.31,165.31,162.6,162.71,139.64,9971395,,2632542672.0
2021-02-02,89661,163.38,163.66,161.18,161.25,138.39,10103814,,2632542672.0
2021-02-03,89661,160.94,161.52,159.57,160.5,137.75,8601883,,2632542672.0
2021-02-04,89661,161.0,162.09,159.76,161.99,139.03,7758128,,2632542672.0
2021-02-05,89661,164.86,165.44,163.86,164.45,141.14,9495309,,2632542672.0
2021-02-08,89661,165.03,165.92,163.88,164.92,141.54,6035341,,2632542672.0
2021-02-09,89661,165.2,166.59,164.97,166.27,142.7,5529080,,2632542672.0
2021-02-10,89661,167.89,167.94,165.7,166.81,143.16,5904826,,2632542672.0
2021-02-11,89661,167.0,167.38,165.6,166.06,142.52,4871250,,2632542672.0
2021-02-12,89661,164.4,166.85,164.0,166.58,142.97,4413066,,2632542672.0
2021-02-16,89661,166.58,167.05,164.64,165.07,141.67,5656092,,2628679824.0
2021-02-17,89661,164.97,166.09,164.36,165.66,142.18,6544123,,2628679824.0
2021-02-18,89661,164.96,166.16,164.3,165.74,142.24,5191590,,2628679824.0
2021-02-19,89661,165.6,165.96,162.91,162.98,139.88,8190883,,2628679824.0
2021-02-22,89661,161.87,162.54,160.29,161.87,139.79,6437132,1.01,2628679824.0
2021-02-23,89661,161.48,163.19,160.4,160.44,138.56,7042829,,2628679824.0
2021-02-24,89661,162.4,164.39,160.92,162.59,140.41,10286107,,2628679824.0
2021-02-25,89661,163.13,163.7,161.99,162.76,140.56,9691987,,2628679824.0
2021-02-26,89661,162.0,162.41,157.97,158.46,136.85,13978333,,2628679824.0
2021-03-01,89661,161.45,161.53,159.09,159.32,137.59,10551378,,2628679824.0
2021-03-02,89661,159.78,160.78,158.6,159.02,137.33,7610885,,2628679824.0
2021-03-03,89661,158.25,158.9,156.06,156.22,134.91,8499626,,2628679824.0
2021-03-04,89661,155.99,156.1,151.47,153.07,132.19,11033178,,2628679824.0
2021-03-05,89661,153.98,156.69,153.13,156.1,134.81,8331633,,2628679824.0
2021-03-08,89661,157.0,159.33,155.98,157.4,135.93,6546688,,2628679824.0
2021-03-09,89661,156.89,160.75,156.89,157.7,136.19,7461267,,2628679824.0
2021-03-10,89661,158.82,159.9,157.36,159.15,137.44,6635577,,2628679824.0
2021-03-11,89661,159.54,160.63,158.92,159.14,137.43,6305584,,2628679824.0
2021-03-12,89661,159.28,160.31,159.19,159.6,137.83,5474849,,2628679824.0
2021-03-15,89661,159.75,160.66,158.5,160.42,138.54,5526008,,2628679824.0
2021-03-16,89661,160.46,161.68,160.24,161.37,139.36,6369144,,2628679824.0
2021-03-17,89661,160.83,161.73,159.53,160.77,138.84,6001421,,2628679824.0
2021-03-18,89661,160.21,161.49,159.96,160.47,138.58,4801794,,2628679824.0
2021-03-19,89661,160.69,161.5,159.47,160.04,138.21,14891523,,2628679824.0
2021-03-22,89661,158.31,160.65,158.0,160.5,138.61,7544052,,2628679824.0
2021-03-23,89661,160.21,161.2,158.88,160.35,138.48,7178323,,2628679824.0
2021-03-24,89661,160.1,162.48,159.82,161.91,139.82,6370143,,2628679824.0
2021-03-25,89661,162.44,162.45,160.64,161.97,139.88,6269774,,2628679824.0
2021-03-26,89661,162.09,165.1,161.38,164.93,142.43,7619247,,2628679824.0
2021-03-29,89661,163.83,167.03,163.63,166.04,143.39,8535084,,2628679824.0
2021-03-30,89661,165.02,165.66,164.23,165.01,142.5,7236347,,2628679824.0
2021-03-31,89661,164.96,165.39,163.7,164.35,141.93,8281521,,2628679824.0
2021-04-01,89661,162.6,163.84,162.26,162.83,140.62,7229717,,2628679824.0
2021-04-05,89661,163.64,164.75,162.66,163.43,141.14,7387123,,2628679824.0
2021-04-06,89661,164.08,164.52,163.0,163.39,141.1,5074239,,2628679824.0
2021-04-07,89661,163.55,164.28,163.32,163.61,141.29,4608010,,2628679824.0
2021-04-08,89661,164.0,164.11,162.85,162.97,140.74,5039397,,2628679824.0
2021-04-09,89661,162.12,162.93,159.78,161.25,139.25,8418332,,2628679824.0
2021-04-12,89661,161.09,162.08,160.34,161.64,139.59,5023037,,2628679824.0
2021-04-13,89661,156.86,159.93,156.53,159.48,137.73,18424075,,2628679824.0
2021-04-14,89661,157.83,160.11,157.54,159.92,138.11,7718321,,2628679824.0
2021-04-15,89661,160.72,162.39,160.23,160.39,138.51,7524568,,2628679824.0
2021-04-16,89661,161.34,162.51,160.56,162.24,140.11,9049432,,2628679824.0
2021-04-19,89661,162.5,163.11,160.84,162.69,140.5,8353528,,2628679824.0
2021-04-20,89661,161.0,167.79,161.0,166.48,143.77,14050663,,2628679824.0
2021-04-21,89661,166.37,166.91,165.29,166.59,143.87,6333210,,2628679824.0
2021-04-22,89661,165.84,166.28,164.62,165.18,142.65,7232981,,2628679824.0
2021-04-23,89661,164.53,166.06,164.0,165.52,142.94,6033245,,2633396003.0
2021-04-26,89661,165.21,165.41,163.76,164.12,141.73,6027788,,2633396003.0
2021-04-27,89661,163.76,163.91,162.47,163.18,140.92,6217651,,2633396003.0
2021-04-28,89661,162.86,163.2,161.65,161.98,139.89,7448016,,2633396003.0
2021-04-29,89661,161.9,164.26,161.81,164.2,141.8,6394287,,2633396003.0
2021-04-30,89661,164.15,164.33,162.52,162.73,140.53,9079081,,2633396003.0
2021-05-03,89661,163.6,165.32,163.12,165.21,142.67,6594230,,2633396003.0
2021-05-04,89661,164.83,167.85,164.67,167.77,144.89,10179539,,2633396003.0
2021-05-05,89661,167.5,167.5,166.81,167.07,144.28,5134587,,2633396003.0
2021-05-06,89661,166.79,167.88,166.24,167.74,144.86,5529946,,2633396003.0
2021-05-07,89661,168.3,169.18,167.83,168.5,145.52,5316209,,2633396003.0
2021-05-10,89661,169.9,171.53,169.23,170.27,147.04,8357486,,2633396003.0
2021-05-11,89661,170.65,170.87,168.28,168.88,145.84,8217953,,2633396003.0
2021-05-12,89661,168.54,169.8,167.95,168.2,145.26,6758316,,2633396003.0
2021-05-13,89661,166.97,170.7,166.97,169.96,146.78,8018910,,2633396003.0
2021-05-14,89661,171.48,171.61,170.17,170.22,147.0,5797704,,2633396003.0
2021-05-17,89661,170.4,171.89,170.31,170.39,147.15,5722638,,2633396003.0
2021-05-18,89661,169.98,171.37,169.53,170.45,147.2,5845985,,2633396003.0
2021-05-19,89661,169.91,170.16,168.04,170.08,146.88,5533788,,2633396003.0
2021-05-20,89661,169.94,171.59,169.69,171.07,147.74,4853192,,2633396003.0
2021-05-21,89661,171.33,172.74,170.87,170.96,147.64,6501751,,2633396003.0
2021-05-24,89661,170.9,171.35,169.77,170.55,148.2,5195384,1.06,2633396003.0
2021-05-25,89661,170.67,171.03,169.74,170.08,147.79,7444857,,2633396003.0
2021-05-26,89661,170.0,170.08,168.28,169.07,146.92,5726683,,2633396003.0
2021-05-27,89661,169.26,170.17,168.38,168.81,146.69,8114708,,2633396003.0
2021-05-28,89661,169.52,171.0,169.17,169.25,147.07,6401011,,2633396003.0
2021-06-01,89661,170.15,170.2,165.38,165.53,143.84,10448370,,2633396003.0
2021-06-02,89661,165.3,166.72,165.11,166.2,144.42,6806032,,2633396003.0
2021-06-03,89661,165.89,167.15,165.71,166.04,144.28,5809122,,2633396003.0
2021-06-04,89661,167.0,167.56,165.87,165.97,144.22,6510480,,2633396003.0
2021-06-07,89661,166.0,166.32,164.63,164.84,143.24,5362781,,2633396003.0
2021-06-08,89661,165.28,165.66,162.07,163.39,141.98,7746805,,2633396003.0
2021-06-09,89661,163.99,165.78,163.66,165.59,143.89,5552600,,2633396003.0
2021-06-10,89661,166.0,167.57,165.95,167.08,145.19,6463322,,2633396003.0
2021-06-11,89661,167.07,167.08,164.22,164.96,143.34,7389922,,2633396003.0
2021-06-14,89661,164.5,165.46,163.9,165.37,143.7,4931297,,2633396003.0
2021-06-15,89661,165.23,165.86,164.39,164.49,142.94,5063027,,2633396003.0
2021-06-16,89661,164.8,165.75,163.48,164.43,142.88,6979939,,2633396003.0
2021-06-17,89661,164.19,165.7,163.5,165.22,143.57,5874962,,2633396003.0
2021-06-18,89661,163.27,164.19,161.79,161.98,140.75,12993018,,2633396003.0
2021-06-21,89661,162.77,164.25,162.25,163.84,142.37,6592400,,2633396003.0
2021-06-22,89661,163.71,164.04,163.28,163.62,142.18,5627795,,2633396003.0
2021-06-23,89661,163.69,163.69,162.48,162.63,141.32,4493351,,2633396003.0
2021-06-24,89661,163.27,164.2,162.8,163.37,141.96,4549234,,2633396003.0
2021-06-25,89661,162.94,164.78,162.89,164.21,142.69,10963806,,2633396003.0
2021-06-28,89661,164.44,165.07,163.52,164.02,142.53,5604009,,2633396003.0
2021-06-29,89661,164.0,164.64,163.41,164.03,142.54,3749744,,2633396003.0
2021-06-30,89661,164.0,164.97,163.67,164.74,143.15,6151745,,2633396003.0
2021-07-01,89661,164.74,166.01,164.63,165.96,144.21,6320173,,2633396003.0
2021-07-02,89661,166.02,169.3,165.64,168.98,146.84,9060270,,2633396003.0
2021-07-06,89661,167.91,168.86,166.99,167.97,145.96,6098526,,2633396003.0
2021-07-07,89661,167.48,169.5,167.48,169.41,147.21,6293581,,2633396003.0
2021-07-08,89661,168.7,169.46,167.58,169.08,146.92,5755679,,2633396003.0
2021-07-09,89661,169.37,170.37,169.24,169.75,147.51,6120925,,2633396003.0
2021-07-12,89661,169.73,171.18,168.54,169.48,147.27,7840452,,2633396003.0
2021-07-13,89661,168.97,169.75,168.67,169.27,147.09,4691233,,2633396003.0
2021-07-14,89661,170.0,170.83,169.04,170.42,148.09,6162925,,2633396003.0
2021-07-15,89661,169.3,169.9,167.72,168.37,146.31,6656878,,2633396003.0
2021-07-16,89661,168.34,169.09,167.95,168.1,146.07,5835263,,2633396003.0
2021-07-19,89661,166.48,168.19,165.32,166.88,145.01,8220113,,2633396003.0
2021-07-20,89661,166.9,170.81,166.84,168.45,146.38,9902815,,2633396003.0
2021-07-21,89661,169.3,169.69,167.48,169.49,147.28,7585479,,2633396003.0
2021-07-22,89661,169.36,171.07,168.65,169.98,147.71,5281948,,2633396003.0
2021-07-23,89661,171.0,172.18,170.38,171.79,149.28,5015073,,2633396003.0
2021-07-26,89661,171.82,172.14,170.86,171.87,149.35,4485035,,2633396003.0
2021-07-27,89661,171.8,172.72,170.67,172.66,150.04,7089269,,2633396003.0
2021-07-28,89661,172.73,173.38,172.08,172.18,149.62,5750714,,2633396003.0
2021-07-29,89661,172.74,173.34,171.09,172.18,149.62,4206501,,2633396003.0
2021-07-30,89661,172.54,172.98,171.84,172.2,149.64,5346742,,2633396003.0
2021-08-02,89661,172.47,172.84,171.3,172.27,149.7,3721473,,2633396003.0
2021-08-03,89661,172.73,174.5,172.44,174.39,151.54,6032998,,2633396003.0
2021-08-04,89661,174.2,174.59,173.26,173.36,150.64,4793117,,2633396003.0
2021-08-05,89661,173.85,173.85,172.42,173.69,150.93,4291332,,2633396003.0
2021-08-06,89661,173.94,173.94,172.45,173.11,150.43,4581065,,2633396003.0
2021-08-09,89661,173.72,174.25,172.93,173.71,150.95,3950185,,2633396003.0
2021-08-10,89661,173.26,174.11,172.78,173.77,151.0,3678454,,2633396003.0
2021-08-11,89661,174.25,174.47,173.56,173.8,151.03,4221298,,2633396003.0
2021-08-12,89661,173.82,175.29,173.59,175.2,152.24,4301392,,2633396003.0
2021-08-13,89661,175.29,176.29,175.12,176.25,153.15,5880440,,2633396003.0
2021-08-16,89661,176.55,177.89,175.95,177.84,154.54,4783192,,2633396003.0
2021-08-17,89661,177.31,179.51,177.31,179.47,155.95,6041881,,2633396003.0
2021-08-18,89661,179.5,179.5,177.13,177.19,153.97,7134094,,2633396003.0
2021-08-19,89661,176.62,179.33,176.07,178.57,155.17,5615038,,2633396003.0
2021-08-20,89661,178.89,179.92,178.07,179.44,155.93,5428729,,2633396003.0
2021-08-23,89661,178.39,178.93,177.54,177.61,155.26,6461676,1.06,2633396003.0
2021-08-24,89661,176.99,177.21,175.28,175.39,153.32,5734824,,2633396003.0
2021-08-25,89661,175.69,175.9,173.89,174.23,152.3,5700289,,2633396003.0
2021-08-26,89661,173.95,174.72,173.05,173.3,151.49,5031639,,2633396003.0
2021-08-27,89661,174.28,174.28,172.75,172.93,151.17,7046079,,2633396003.0
2021-08-30,89661,172.79,174.28,172.78,173.66,151.8,3253006,,2633396003.0
2021-08-31,89661,173.49,174.49,172.48,173.13,151.34,7106790,,2633396003.0
2021-09-01,89661,172.9,173.74,172.06,173.74,151.87,5327351,,2633396003.0
2021-09-02,89661,174.34,175.19,173.91,174.93,152.91,4545449,,2633396003.0
2021-09-03,89661,175.1,175.22,173.81,175.04,153.01,4097512,,2633396003.0
2021-09-07,89661,174.35,175.03,171.67,172.32,150.63,6859871,,2633396003.0
2021-09-08,89661,171.62,172.98,171.08,171.9,150.27,4661733,,2633396003.0
2021-09-09,89661,171.19,171.48,167.7,168.07,146.92,7114577,,2633396003.0
2021-09-10,89661,168.55,169.09,166.87,166.97,145.96,6699315,,2633396003.0
2021-09-13,89661,167.92,168.12,165.13,165.8,144.93,6273506,,2633396003.0
2021-09-14,89661,166.4,166.54,164.51,164.8,144.06,5259559,,2633396003.0
2021-09-15,89661,165.0,165.96,164.31,165.42,144.6,7935279,,2633396003.0
2021-09-16,89661,165.65,166.46,164.19,165.22,144.43,5665537,,2633396003.0
2021-09-17,89661,164.3,164.91,163.56,164.75,144.02,13422106,,2633396003.0
2021-09-20,89661,163.48,165.17,162.16,163.81,143.19,7271017,,2633396003.0
2021-09-21,89661,164.61,165.98,164.24,164.53,143.82,6663566,,2633396003.0
2021-09-22,89661,165.35,165.95,163.63,163.93,143.3,5657126,,2633396003.0
2021-09-23,89661,164.4,165.77,164.15,164.86,144.11,4697939,,2633396003.0
2021-09-24,89661,164.75,165.65,163.89,164.36,143.68,4399614,,2633396003.0
2021-09-27,89661,164.0,164.36,162.85,163.17,142.63,5775461,,2633396003.0
2021-09-28,89661,163.1,163.91,161.77,162.81,142.32,7610354,,2633396003.0
2021-09-29,89661,163.0,164.66,162.78,164.02,143.38,5124102,,2633396003.0
2021-09-30,89661,164.64,165.4,161.41,161.5,141.18,6974317,,2633396003.0
2021-10-01,89661,161.53,161.9,158.62,160.47,140.27,8568560,,2633396003.0
2021-10-04,89661,159.99,161.0,157.67,159.22,139.18,8621017,,2633396003.0
2021-10-05,89661,159.86,161.11,159.15,159.58,139.5,5129033,,2633396003.0
2021-10-06,89661,159.87,159.95,157.84,159.91,139.79,7312649,,2633396003.0
2021-10-07,89661,160.02,162.61,160.02,161.34,141.04,5309181,,2633396003.0
2021-10-08,89661,161.32,161.61,160.25,160.93,140.68,4343438,,2633396003.0
2021-10-11,89661,160.86,161.85,159.94,160.25,140.08,4101646,,2633396003.0
2021-10-12,89661,160.0,160.18,157.34,157.69,137.84,6686443,,2633396003.0
2021-10-13,89661,157.82,160.08,157.75,159.2,139.16,6901589,,2633396003.0
2021-10-14,89661,159.71,161.14,159.6,160.11,139.96,4580894,,2633396003.0
2021-10-15,89661,161.03,161.81,160.41,161.3,141.0,6918407,,2633396003.0
2021-10-18,89661,160.25,160.89,159.2,160.12,139.97,7465461,,2633396003.0
2021-10-19,89661,160.9,165.15,160.72,163.87,143.25,10081294,,2633396003.0
2021-10-20,89661,163.98,164.75,163.26,163.78,143.17,6003177,,2633396003.0
2021-10-21,89661,164.3,164.39,162.28,163.4,142.84,4524127,,2633396003.0
2021-10-22,89661,163.06,164.06,162.96,163.72,143.12,4304467,,2633396003.0
2021-10-25,89661,163.72,164.31,161.71,164.08,143.43,6715399,,2633396003.0
2021-10-26,89661,164.56,166.03,164.05,165.75,144.89,6939057,,2633396003.0
2021-10-27,89661,165.68,165.76,163.31,163.74,143.13,7018787,,2633396003.0
2021-10-28,89661,163.77,165.2,162.32,162.85,142.36,6278844,,2633396003.0
2021-10-29,89661,162.35,163.25,160.61,162.88,142.38,8526806,,2633396003.0
2021-11-01,89661,163.16,163.98,159.4,163.02,142.5,5816789,,2633396003.0
2021-11-02,89661,163.7,166.98,162.98,165.59,144.75,8104160,,2633396003.0
2021-11-03,89661,165.04,165.77,163.43,165.06,144.29,6717787,,2633396003.0
2021-11-04,89661,164.94,164.99,162.67,164.6,143.89,8224377,,2633396003.0
2021-11-05,89661,162.48,164.6,162.2,163.43,142.86,6215911,,2633396003.0
2021-11-08,89661,163.68,164.17,162.01,162.87,142.37,5579037,,2633396003.0
2021-11-09,89661,162.61,163.59,162.02,162.51,142.06,6081653,,2633396003.0
2021-11-10,89661,162.53,164.84,162.35,164.27,143.6,6225098,,2633396003.0
2021-11-11,89661,163.49,163.81,162.49,163.06,142.54,4118791,,2633396003.0
2021-11-12,89661,167.43,167.62,164.61,165.01,144.24,17162354,,2633396003.0
2021-11-15,89661,165.0,165.46,163.22,163.52,142.94,7496205,,2633396003.0
2021-11-16,89661,163.18,164.35,162.62,162.67,142.2,7594717,,2633396003.0
2021-11-17,89661,162.87,163.86,161.79,163.28,142.73,5414474,,2633396003.0
2021-11-18,89661,163.45,164.47,162.13,162.4,141.96,6359664,,2633396003.0
2021-11-19,89661,163.04,163.19,161.78,162.89,142.39,7628928,,2633396003.0
2021-11-22,89661,161.03,162.64,159.65,159.7,140.53,7642322,1.06,2633396003.0
2021-11-23,89661,159.52,161.0,158.78,160.69,141.4,7735770,,2633396003.0
2021-11-24,89661,160.14,160.62,159.38,160.24,141.0,5230887,,2633396003.0
2021-11-26,89661,160.6,161.16,158.66,159.2,140.09,8523072,,2633396003.0
2021-11-29,89661,159.5,160.42,158.42,159.75,140.57,9188537,,2633396003.0
2021-11-30,89661,158.51,159.0,155.85,155.93,137.21,14981664,,2633396003.0
2021-12-01,89661,156.88,160.08,156.25,158.08,139.1,9836412,,2633396003.0
2021-12-02,89661,157.26,159.29,156.75,157.09,138.23,11334736,,2633396003.0
2021-12-03,89661,157.91,159.67,157.59,159.38,140.25,8750521,,2633396003.0
2021-12-06,89661,160.19,163.52,159.83,162.94,143.38,9692041,,2633396003.0
2021-12-07,89661,164.0,164.27,162.41,163.36,143.75,8311254,,2633396003.0
2021-12-08,89661,163.47,164.57,162.64,164.34,144.61,6216391,,2633396003.0
2021-12-09,89661,164.18,165.98,163.49,165.9,145.98,8574177,,2633396003.0
2021-12-10,89661,165.57,166.69,164.65,165.49,145.62,6572247,,2633396003.0
2021-12-13,89661,164.75,169.19,163.8,168.45,148.23,11142277,,2633396003.0
2021-12-14,89661,168.33,170.97,167.16,170.29,149.85,10482433,,2633396003.0
2021-12-15,89661,169.85,171.29,169.42,171.14,150.59,8552246,,2633396003.0
2021-12-16,89661,171.26,173.51,170.84,173.01,152.24,8998582,,2633396003.0
2021-12-17,89661,169.64,170.78,167.66,168.23,148.03,16732018,,2633396003.0
2021-12-20,89661,167.81,168.51,166.55,167.75,147.61,7954532,,2633396003.0
2021-12-21,89661,168.06,168.1,165.98,167.21,147.14,7954249,,2633396003.0
2021-12-22,89661,167.06,168.17,166.12,167.93,147.77,4178361,,2633396003.0
2021-12-23,89661,167.88,168.95,167.36,168.25,148.05,3501450,,2633396003.0
2021-12-27,89661,169.14,169.85,168.7,169.67,149.3,3705063,,2633396003.0
2021-12-28,89661,169.79,170.64,169.59,170.35,149.9,3187062,,2633396003.0
2021-12-29,89661,170.0,171.99,169.91,171.55,150.96,3661968,,2633396003.0
2021-12-30,89661,172.12,172.88,171.75,172.31,151.62,4231812,,2633396003.0
2021-12-31,89661,172.53,172.68,171.03,171.07,150.53,4397524,,2633396003.0
2022-01-03,89661,170.21,171.6,169.1,171.54,150.95,6012777,,2632596969.0
2022-01-04,89661,171.06,172.29,170.59,171.08,150.54,6748363,,2632596969.0
2022-01-05,89661,172.0,173.47,171.62,172.22,151.55,7016099,,2632596969.0
2022-01-06,89661,172.15,172.5,170.8,171.63,151.03,7301633,,2632596969.0
2022-01-07,89661,171.46,174.3,171.13,173.95,153.07,6986006,,2632596969.0
2022-01-10,89661,173.69,173.69,172.16,173.09,152.31,7698444,,2632596969.0
2022-01-11,89661,172.99,173.39,170.11,171.25,150.69,8126404,,2632596969.0
2022-01-12,89661,169.61,170.08,168.34,169.79,149.41,8116205,,2632596969.0
2022-01-13,89661,169.0,170.42,168.46,168.76,148.5,6159444,,2632596969.0
2022-01-14,89661,168.62,168.65,167.15,167.84,147.69,5847839,,2632596969.0
2022-01-18,89661,167.1,167.72,166.01,167.1,147.04,7329346,,2632596969.0
2022-01-19,89661,167.2,168.72,166.32,166.58,146.58,5921517,,2632596969.0
2022-01-20,89661,167.29,167.86,164.93,165.25,145.41,6011300,,2632596969.0
2022-01-21,89661,166.19,167.99,164.47,164.87,145.08,10550302,,2632596969.0
2022-01-24,89661,164.0,164.17,158.26,162.97,143.41,14087602,,2632596969.0
2022-01-25,89661,162.36,168.41,161.58,167.63,147.51,14081247,,2632596969.0
2022-01-26,89661,167.54,169.22,166.23,168.38,148.17,9963229,,2632596969.0
2022-01-27,89661,169.39,171.91,169.0,170.59,150.11,9068738,,2632596969.0
2022-01-28,89661,170.86,171.84,169.3,171.79,151.17,9783217,,2632596969.0
2022-01-31,89661,171.5,172.62,170.82,172.29,151.61,8054895,,2632596969.0
2022-02-01,89661,171.74,171.98,169.43,170.88,150.37,8154721,,2632596969.0
2022-02-02,89661,169.65,172.99,169.65,172.77,152.03,7382821,,2632596969.0
2022-02-03,89661,172.26,173.62,171.04,172.76,152.02,6240613,,2632596969.0
2022-02-04,89661,171.0,172.98,170.12,171.63,151.03,6392155,,2632596969.0
2022-02-07,89661,171.41,171.74,170.01,171.06,150.52,6065670,,2632596969.0
2022-02-08,89661,171.02,172.05,170.48,171.51,150.92,6296300,,2632596969.0
2022-02-09,89661,172.07,172.24,171.25,171.49,150.9,5387540,,2632596969.0
2022-02-10,89661,171.21,171.22,169.3,169.42,149.08,10355349,,2632596969.0
2022-02-11,89661,169.12,170.15,167.54,167.71,147.58,13125328,,2632596969.0
2022-02-14,89661,167.71,167.97,163.81,165.6,145.72,8967638,,2632596969.0
2022-02-15,89661,166.13,168.1,166.01,167.31,147.22,6632823,,2632596969.0
2022-02-16,89661,166.49,167.84,165.71,167.21,147.14,8482618,,2632596969.0
2022-02-17,89661,167.21,167.45,164.92,166.19,146.24,6227569,,2632596969.0
2022-02-18,89661,164.98,165.36,162.94,163.36,144.68,6423165,1.06,2632596969.0
2022-02-22,89661,163.57,163.74,160.44,161.14,142.72,6773079,,2632596969.0
2022-02-23,89661,161.51,162.64,160.85,161.22,142.79,8016903,,2632596969.0
2022-02-24,89661,159.78,160.13,155.72,158.14,140.06,12883436,,2632596969.0
2022-02-25,89661,160.0,166.99,159.7,166.0,147.02,11340354,,2632596969.0
2022-02-28,89661,162.87,165.18,162.38,164.57,145.75,9373511,,2632596969.0
2022-03-01,89661,163.04,164.75,162.41,164.0,145.25,8737846,,2632596969.0
2022-03-02,89661,164.41,167.63,164.04,166.04,147.06,6793377,,2632596969.0
2022-03-03,89661,166.7,169.34,166.32,168.48,149.22,7333736,,2632596969.0
2022-03-04,89661,167.64,169.86,166.85,169.48,150.1,6302672,,2632596969.0
2022-03-07,89661,168.3,173.12,167.36,172.21,152.52,11663353,,2632596969.0
2022-03-08,89661,172.04,173.12,168.51,168.72,149.43,11100340,,2632596969.0
2022-03-09,89661,170.01,170.23,167.89,169.36,150.0,7248218,,2632596969.0
2022-03-10,89661,168.56,170.15,168.07,169.66,150.26,6171649,,2632596969.0
2022-03-11,89661,169.13,171.46,169.02,169.35,149.99,5188196,,2632596969.0
2022-03-14,89661,170.68,174.12,170.35,171.69,152.06,7729453,,2632596969.0
2022-03-15,89661,173.33,176.52,172.55,176.14,156.0,10554596,,2632596969.0
2022-03-16,89661,175.46,176.95,172.56,174.52,154.57,9603324,,2632596969.0
2022-03-17,89661,175.21,176.84,174.2,176.8,156.58,7472219,,2632596969.0
2022-03-18,89661,177.0,177.0,173.66,174.84,154.85,13324677,,2632596969.0
2022-03-21,89661,174.66,177.16,174.32,175.83,155.73,7508983,,2632596969.0
2022-03-22,89661,175.83,176.37,173.91,175.0,154.99,7800462,,2632596969.0
2022-03-23,89661,175.23,175.54,174.09,174.34,154.41,5254350,,2632596969.0
2022-03-24,89661,175.0,175.54,174.07,175.24,155.2,5012277,,2632596969.0
2022-03-25,89661,175.69,177.7,175.22,176.92,156.69,4723053,,2632596969.0
2022-03-28,89661,176.65,178.18,176.35,177.83,157.5,5604162,,2632596969.0
2022-03-29,89661,178.62,179.4,176.8,177.74,157.42,5933444,,2632596969.0
2022-03-30,89661,178.44,179.86,177.68,179.59,159.06,6277556,,2632596969.0
2022-03-31,89661,179.59,180.21,176.98,177.23,156.97,11490395,,2632596969.0
2022-04-01,89661,177.05,178.43,175.6,178.19,157.82,6525643,,2632596969.0
2022-04-04,89661,178.19,178.19,175.52,176.47,156.29,6860771,,2629615456.0
2022-04-05,89661,176.47,179.65,176.29,177.61,157.3,7284104,,2629615456.0
2022-04-06,89661,179.39,182.6,178.62,182.23,161.39,10330886,,2629615456.0
2022-04-07,89661,181.67,182.95,180.23,181.76,160.98,7385179,,2629615456.0
2022-04-08,89661,181.33,183.19,180.43,182.12,161.3,7144608,,2629615456.0
2022-04-11,89661,183.0,184.2,179.6,179.84,159.28,5932040,,2629615456.0
2022-04-12,89661,179.2,180.81,178.2,179.9,159.33,5957536,,2629615456.0
2022-04-13,89661,179.9,180.84,179.24,180.66,160.0,5643118,,2629615456.0
2022-04-14,89661,180.0,181.4,179.73,179.9,159.33,6188193,,2629615456.0
2022-04-18,89661,179.73,180.39,176.74,177.66,157.35,6318656,,2629615456.0
2022-04-19,89661,180.72,185.94,179.95,183.08,162.15,14380839,,2629615456.0
2022-04-20,89661,182.24,184.32,181.9,183.89,162.86,7958165,,2629615456.0
2022-04-21,89661,183.93,184.87,182.56,183.36,162.39,6969405,,2629615456.0
2022-04-22,89661,182.47,183.15,181.38,181.54,160.78,8003593,,2629615456.0
2022-04-25,89661,182.34,186.69,182.1,186.01,164.74,11176501,,2629615456.0
2022-04-26,89661,185.1,186.57,184.18,184.68,163.56,10066557,,2629615456.0
2022-04-27,89661,184.24,184.82,181.74,182.1,161.28,11090331,,2629615456.0
2022-04-28,89661,182.25,184.5,181.92,183.46,162.48,9405147,,2629615456.0
2022-04-29,89661,182.5,182.54,180.2,180.46,159.83,8464103,,2629615456.0
2022-05-02,89661,180.47,181.41,177.03,178.64,158.21,7145420,,2629615456.0
2022-05-03,89661,178.8,180.63,177.68,178.29,157.9,5898660,,2629615456.0
2022-05-04,89661,178.15,180.5,177.15,180.2,159.6,5856999,,2629615456.0
2022-05-05,89661,179.42,179.71,175.27,176.76,156.55,7089184,,2629615456.0
2022-05-06,89661,175.14,176.87,174.69,176.37,156.2,6434011,,2629615456.0
2022-05-09,89661,175.45,178.56,174.59,177.33,157.05,7855212,,2629615456.0
2022-05-10,89661,178.23,179.18,176.5,177.09,156.84,8186717,,2629615456.0
2022-05-11,89661,175.96,178.32,175.88,176.13,155.99,6138896,,2629615456.0
2022-05-12,89661,176.47,177.95,174.71,177.87,157.53,6898565,,2629615456.0
2022-05-13,89661,178.7,178.89,175.8,176.85,156.63,7732163,,2629615456.0
2022-05-16,89661,176.85,179.13,176.17,178.08,157.72,5516706,,2629615456.0
2022-05-17,89661,178.72,179.7,176.59,178.82,158.37,5751129,,2629615456.0
2022-05-18,89661,178.84,179.37,175.17,175.5,155.43,8608771,,2629615456.0
2022-05-19,89661,174.72,174.8,172.69,173.94,154.05,6874509,,2629615456.0
2022-05-20,89661,174.85,177.16,174.05,176.98,156.74,7522122,,2629615456.0
2022-05-23,89661,177.6,179.93,177.46,179.44,159.92,7040831,1.13,2629615456.0
2022-05-24,89661,179.25,181.74,179.1,181.4,161.67,6419836,,2629615456.0
2022-05-25,89661,180.53,181.55,179.06,179.62,160.08,6558994,,2629615456.0
2022-05-26,89661,181.0,181.0,178.6,179.46,159.94,6897747,,2629615456.0
2022-05-27,89661,179.76,181.16,178.23,181.09,161.39,5853621,,2629615456.0
2022-05-31,89661,178.0,180.17,175.01,179.53,160.0,16391449,,2629615456.0
2022-06-01,89661,179.15,179.83,175.9,177.71,158.38,5175435,,2629615456.0
2022-06-02,89661,177.74,177.81,174.59,177.15,157.88,8666511,,2629615456.0
2022-06-03,89661,177.07,178.67,176.15,176.42,157.23,4234186,,2629615456.0
2022-06-06,89661,177.21,178.5,176.0,176.4,157.21,5386517,,2629615456.0
2022-06-07,89661,176.98,179.3,176.4,178.34,158.94,5447818,,2629615456.0
2022-06-08,89661,178.1,179.45,176.8,177.28,158.0,4333091,,2629615456.0
2022-06-09,89661,177.21,178.65,173.64,173.71,154.82,5510417,,2629615456.0
2022-06-10,89661,172.17,173.97,170.62,172.55,153.78,6647865,,2629615456.0
2022-06-13,89661,170.08,172.25,170.08,170.81,152.23,7997023,,2629615456.0
2022-06-14,89661,171.06,171.11,167.26,168.19,149.9,7116777,,2629615456.0
2022-06-15,89661,169.64,171.44,168.64,169.99,151.5,7796330,,2629615456.0
2022-06-16,89661,168.4,170.21,167.41,170.08,151.58,7056743,,2629615456.0
2022-06-17,89661,170.63,172.2,169.24,169.46,151.03,12486568,,2629615456.0
2022-06-21,89661,170.75,173.86,169.56,173.01,154.19,8219662,,2629615456.0
2022-06-22,89661,172.0,177.92,171.69,175.74,156.63,10593449,,2629615456.0
2022-06-23,89661,177.0,179.81,176.52,179.66,160.12,10223458,,2629615456.0
2022-06-24,89661,180.78,182.53,179.98,182.29,162.46,9374446,,2629615456.0
2022-06-27,89661,181.64,183.35,181.5,182.12,162.31,5908839,,2629615456.0
2022-06-28,89661,182.17,182.97,176.31,176.94,157.7,9277210,,2629615456.0
2022-06-29,89661,177.22,178.3,176.43,176.99,157.74,7097873,,2629615456.0
2022-06-30,89661,176.86,178.29,175.03,177.51,158.2,10777248,,2629615456.0
2022-07-01,89661,177.45,179.72,176.69,179.52,160.0,5498393,,2629615456.0
2022-07-05,89661,178.83,179.12,174.61,178.14,158.77,5677363,,2629615456.0
2022-07-06,89661,178.07,179.44,177.41,178.3,158.91,5335631,,2629615456.0
2022-07-07,89661,177.86,179.12,177.51,178.5,159.09,5725839,,2629615456.0
2022-07-08,89661,178.33,179.99,177.77,178.28,158.89,3828375,,2629615456.0
2022-07-11,89661,177.7,179.02,177.52,178.35,158.95,3645448,,2629615456.0
2022-07-12,89661,177.98,178.45,175.2,175.85,156.72,4708892,,2629615456.0
2022-07-13,89661,175.66,176.33,174.5,175.44,156.36,5291697,,2629615456.0
2022-07-14,89661,172.53,176.01,172.3,175.68,156.57,5359551,,2629615456.0
2022-07-15,89661,177.71,178.51,176.55,178.23,158.85,5691095,,2629615456.0
2022-07-18,89661,177.74,178.19,173.91,174.23,155.28,7605677,,2629615456.0
2022-07-19,89661,176.33,176.75,169.88,171.69,153.02,13256444,,2629615456.0
2022-07-20,89661,172.2,172.55,169.76,170.71,152.14,7455775,,2629615456.0
2022-07-21,89661,170.05,171.39,169.77,171.31,152.68,5729215,,2629615456.0
2022-07-22,89661,171.59,172.49,171.06,172.12,153.4,4257032,,2629615456.0
2022-07-25,89661,172.12,172.97,171.72,172.46,153.7,4437270,,2629615456.0
2022-07-26,89661,172.56,174.98,172.49,173.68,154.79,4525545,,2629615456.0
2022-07-27,89661,172.63,174.1,171.13,173.2,154.36,4648499,,2629615456.0
2022-07-28,89661,173.4,176.09,171.44,174.2,155.25,5513018,,2629615456.0
2022-07-29,89661,173.79,174.85,172.91,174.52,155.54,6451431,,2629615456.0
2022-08-01,89661,174.17,175.16,173.54,173.91,155.0,5461387,,2629615456.0
2022-08-02,89661,175.01,175.49,172.7,172.92,154.11,5794225,,2629615456.0
2022-08-03,89661,172.55,175.26,171.77,174.59,155.6,5009952,,2629615456.0
2022-08-04,89661,174.81,175.09,171.6,171.79,153.11,5651554,,2629615456.0
2022-08-05,89661,171.3,171.53,169.79,171.11,152.5,5235516,,2629615456.0
2022-08-08,89661,171.3,171.48,169.44,170.2,151.69,4630836,,2629615456.0
2022-08-09,89661,170.54,171.12,169.73,170.18,151.67,5532526,,2629615456.0
2022-08-10,89661,171.02,171.24,169.53,170.67,152.11,5603444,,2629615456.0
2022-08-11,89661,168.52,169.95,166.98,167.14,148.96,9328688,,2629615456.0
2022-08-12,89661,167.54,167.94,165.15,165.3,147.32,14606901,,2629615456.0
2022-08-15,89661,166.0,166.75,165.12,166.09,148.03,10072044,,2629615456.0
2022-08-16,89661,165.86,168.25,165.6,167.57,149.34,7453595,,2629615456.0
2022-08-17,89661,166.41,168.56,166.41,167.58,149.35,7406590,,2629615456.0
2022-08-18,89661,167.68,168.3,165.93,166.77,148.63,8312105,,2629615456.0
2022-08-19,89661,167.1,170.12,167.0,169.31,150.9,8128543,,2629615456.0
2022-08-22,89661,168.9,168.92,167.17,167.59,150.37,5462550,1.13,2629615456.0
2022-08-23,89661,167.0,167.77,165.8,166.13,149.06,5566296,,2629615456.0
2022-08-24,89661,166.56,166.59,165.07,165.58,148.57,5684329,,2629615456.0
2022-08-25,89661,165.95,167.24,164.7,167.13,149.96,5678662,,2629615456.0
2022-08-26,89661,167.46,167.5,164.19,164.27,147.39,5667136,,2629615456.0
2022-08-29,89661,163.47,163.84,162.02,163.0,146.25,5192218,,2629615456.0
2022-08-30,89661,163.3,163.54,162.03,162.43,145.74,6973254,,2629615456.0
2022-08-31,89661,163.23,163.55,161.27,161.34,144.76,8741708,,2629615456.0
2022-09-01,89661,161.49,165.5,161.48,165.34,148.35,7509594,,2629615456.0
2022-09-02,89661,165.86,166.2,162.01,162.74,146.02,5803704,,2629615456.0
2022-09-06,89661,163.94,166.22,162.82,163.18,146.41,7385201,,2629615456.0
2022-09-07,89661,162.91,164.42,162.16,164.07,147.21,4546700,,2629615456.0
2022-09-08,89661,163.88,165.42,163.08,165.39,148.4,5838401,,2629615456.0
2022-09-09,89661,164.99,166.2,164.39,165.71,148.68,5501863,,2629615456.0
2022-09-12,89661,166.11,166.57,165.22,165.64,148.62,6365306,,2629615456.0
2022-09-13,89661,163.57,164.44,160.81,161.33,144.75,6726360,,2629615456.0
2022-09-14,89661,162.38,165.36,162.38,164.66,147.74,9555693,,2629615456.0
2022-09-15,89661,164.45,166.07,164.1,165.08,148.12,7174495,,2629615456.0
2022-09-16,89661,165.32,167.63,164.75,167.6,150.38,20201543,,2629615456.0
2022-09-19,89661,166.3,166.43,164.08,166.28,149.19,7380906,,2629615456.0
2022-09-20,89661,165.22,165.9,164.32,164.97,148.02,7143441,,2629615456.0
2022-09-21,89661,165.02,166.79,163.24,163.28,146.5,8071195,,2629615456.0
2022-09-22,89661,163.15,167.16,162.83,166.18,149.1,7328764,,2629615456.0
2022-09-23,89661,165.74,167.48,164.66,166.72,149.59,9598555,,2629615456.0
2022-09-26,89661,165.8,166.84,164.38,165.7,148.67,8735455,,2629615456.0
2022-09-27,89661,166.36,167.67,164.4,164.94,147.99,8686684,,2629615456.0
2022-09-28,89661,166.25,167.38,165.1,166.36,149.27,8661065,,2629615456.0
2022-09-29,89661,166.48,167.17,163.89,164.53,147.62,7008279,,2629615456.0
2022-09-30,89661,165.0,165.74,163.32,163.36,146.57,8985190,,2629615456.0
2022-10-03,89661,164.29,164.38,161.7,163.2,146.43,8656972,,2629615456.0
2022-10-04,89661,163.85,166.0,162.92,165.62,148.6,6236107,,2629615456.0
2022-10-05,89661,165.02,166.04,164.21,165.11,148.14,4539577,,2629615456.0
2022-10-06,89661,164.79,165.0,161.69,161.91,145.27,5890654,,2629615456.0
2022-10-07,89661,161.77,162.22,159.17,160.2,143.74,6363549,,2629615456.0
2022-10-10,89661,160.63,161.28,159.18,160.41,143.93,5315589,,2629615456.0
2022-10-11,89661,160.37,164.11,160.37,162.73,146.01,6212362,,2629615456.0
2022-10-12,89661,162.94,164.88,162.5,162.69,145.97,4341741,,2629615456.0
2022-10-13,89661,160.89,165.99,160.75,165.15,148.18,6465108,,2629615456.0
2022-10-14,89661,164.44,165.68,163.6,164.46,147.56,5684946,,2629615456.0
2022-10-17,89661,165.4,167.21,165.01,166.59,149.47,6710843,,2629615456.0
2022-10-18,89661,165.0,167.17,163.05,166.01,148.95,10883584,,2629615456.0
2022-10-19,89661,166.0,166.25,163.89,164.69,147.77,10044639,,2629615456.0
2022-10-20,89661,165.0,165.74,164.33,165.11,148.14,5659884,,2629615456.0
2022-10-21,89661,164.71,169.37,164.43,168.71,151.37,8487565,,2629615456.0
2022-10-24,89661,169.81,172.08,169.25,170.98,153.41,6855502,,2629615456.0
2022-10-25,89661,170.17,171.11,168.52,170.71,153.17,5661948,,2629615456.0
2022-10-26,89661,171.32,172.57,170.52,172.21,154.52,6124314,,2629615456.0
2022-10-27,89661,172.35,173.43,171.72,172.31,154.6,5390871,,2629615456.0
2022-10-28,89661,173.0,175.39,172.59,174.87,156.9,6073933,,2629615456.0
2022-10-31,89661,174.52,175.16,173.42,173.97,156.09,7809972,,2629615456.0
2022-11-01,89661,174.06,174.63,170.42,173.09,155.3,6985027,,2629615456.0
2022-11-02,89661,172.89,173.94,170.29,170.43,152.92,6878410,,2629615456.0
2022-11-03,89661,169.81,171.47,168.94,170.72,153.18,4819890,,2629615456.0
2022-11-04,89661,171.56,172.5,169.24,171.48,153.86,5300904,,2629615456.0
2022-11-07,89661,171.67,173.85,171.44,172.98,155.21,6621046,,2629615456.0
2022-11-08,89661,173.13,174.69,172.18,173.84,155.98,5148386,,2629615456.0
2022-11-09,89661,174.27,175.0,172.34,172.45,154.73,6150217,,2629615456.0
2022-11-10,89661,174.35,174.77,172.04,174.47,156.54,7877515,,2629615456.0
2022-11-11,89661,172.73,173.11,166.82,169.25,151.86,11074659,,2629615456.0
2022-11-14,89661,170.25,173.26,170.25,171.91,154.25,6581488,,2629615456.0
2022-11-15,89661,172.19,173.0,170.52,172.39,154.68,9350954,,2629615456.0
2022-11-16,89661,173.64,174.99,173.13,173.46,155.64,5501017,,2629615456.0
2022-11-17,89661,173.0,174.99,172.98,174.86,156.89,4465845,,2629615456.0
2022-11-18,89661,175.0,176.64,174.62,176.2,158.1,6555709,,2629615456.0
2022-11-21,89661,175.89,176.55,174.83,175.97,158.9,5706552,1.13,2629615456.0
2022-11-22,89661,176.4,177.19,176.33,176.82,159.67,4708028,,2629615456.0
2022-11-23,89661,176.44,177.4,176.01,177.01,159.84,5389488,,2629615456.0
2022-11-25,89661,177.38,178.12,176.86,177.24,160.05,3058608,,2629615456.0
2022-11-28,89661,176.75,177.77,176.56,177.33,160.13,6183178,,2629615456.0
2022-11-29,89661,177.01,177.26,174.66,176.09,159.01,6700469,,2629615456.0
2022-11-30,89661,176.37,178.01,174.78,178.0,160.74,13288014,,2629615456.0
2022-12-01,89661,179.0,179.96,177.77,178.74,161.4,6282567,,2629615456.0
2022-12-02,89661,177.5,178.96,176.96,178.88,161.53,5824048,,2629615456.0
2022-12-05,89661,178.36,179.36,178.0,178.78,161.44,5120648,,2629615456.0
2022-12-06,89661,179.92,180.0,175.93,176.1,159.02,7943506,,2629615456.0
2022-12-07,89661,176.57,177.88,176.23,177.17,159.99,5702579,,2629615456.0
2022-12-08,89661,176.82,177.47,176.34,177.2,160.01,4798463,,2629615456.0
2022-12-09,89661,177.12,177.89,175.66,175.74,158.69,4560968,,2629615456.0
2022-12-12,89661,175.95,177.87,175.6,177.84,160.59,4882385,,2629615456.0
2022-12-13,89661,179.1,180.2,178.31,179.21,161.83,9177603,,2629615456.0
2022-12-14,89661,178.58,181.04,178.58,179.76,162.33,9533583,,2629615456.0
2022-12-15,89661,179.2,179.84,176.4,177.49,160.28,7602616,,2629615456.0
2022-12-16,89661,177.0,177.0,174.86,175.67,158.63,18841796,,2629615456.0
2022-12-19,89661,175.35,176.16,174.07,175.48,158.46,5736042,,2629615456.0
2022-12-20,89661,176.0,176.44,175.17,175.67,158.63,6174730,,2629615456.0
2022-12-21,89661,176.27,178.18,175.65,177.68,160.45,5471973,,2629615456.0
2022-12-22,89661,176.77,177.51,175.34,177.03,159.86,5709312,,2629615456.0
2022-12-23,89661,176.67,177.52,175.81,177.48,160.27,3683420,,2629615456.0
2022-12-27,89661,178.11,178.35,176.99,177.43,160.22,3067292,,2629615456.0
2022-12-28,89661,177.76,178.45,176.65,176.66,159.53,2645619,,2629615456.0
2022-12-29,89661,177.55,178.3,177.07,177.56,160.34,2828780,,2629615456.0
2022-12-30,89661,177.49,177.77,175.4,176.65,159.52,4216656,,2629615456.0
2023-01-03,89661,176.16,178.38,176.01,178.19,160.91,6344864,,2614483607.0
2023-01-04,89661,178.89,180.19,178.48,180.13,162.66,9788784,,2614483607.0
2023-01-05,89661,179.02,179.99,178.41,178.8,161.46,6255308,,2614483607.0
2023-01-06,89661,180.13,180.93,179.39,180.25,162.77,5705960,,2614483607.0
2023-01-09,89661,179.3,179.76,175.18,175.58,158.55,7925277,,2614483607.0
2023-01-10,89661,175.7,176.14,174.32,175.16,158.17,5047467,,2614483607.0
2023-01-11,89661,175.57,175.72,172.11,174.88,157.92,6494755,,2614483607.0
2023-01-12,89661,174.26,174.71,172.8,174.0,157.12,4269394,,2614483607.0
2023-01-13,89661,173.19,174.01,172.38,173.43,156.61,6088155,,2614483607.0
2023-01-17,89661,174.0,174.58,172.09,172.36,155.64,6053302,,2614483607.0
2023-01-18,89661,171.65,172.0,169.71,169.76,153.29,7047759,,2614483607.0
2023-01-19,89661,169.03,171.28,168.71,169.53,153.09,6939514,,2614483607.0
2023-01-20,89661,170.1,170.11,167.48,168.74,152.37,8620553,,2614483607.0
2023-01-23,89661,169.1,169.63,167.95,168.31,151.99,8425412,,2614483607.0
2023-01-24,89661,175.0,175.0,166.01,168.31,151.99,10541842,,2614483607.0
2023-01-25,89661,167.17,169.51,167.08,169.51,153.07,7099816,,2614483607.0
2023-01-26,89661,169.55,169.91,168.65,168.89,152.51,6946106,,2614483607.0
2023-01-27,89661,168.54,168.87,167.77,168.23,151.91,6058104,,2614483607.0
2023-01-30,89661,167.93,168.54,161.08,162.0,146.29,23259077,,2614483607.0
2023-01-31,89661,161.7,163.43,161.05,163.42,147.57,11612526,,2614483607.0
2023-02-01,89661,162.99,165.98,162.4,164.92,148.92,9865296,,2614483607.0
2023-02-02,89661,163.0,166.22,162.82,165.54,149.48,10098965,,2614483607.0
2023-02-03,89661,166.03,166.34,163.89,164.61,148.64,6868540,,2614483607.0
2023-02-06,89661,164.55,164.85,163.1,163.36,147.52,7020989,,2614483607.0
2023-02-07,89661,161.6,163.88,161.42,163.4,147.55,7310756,,2614483607.0
2023-02-08,89661,163.3,164.56,162.9,163.61,147.74,6054697,,2614483607.0
2023-02-09,89661,163.63,164.79,161.07,161.4,145.75,7949544,,2614483607.0
2023-02-10,89661,161.77,162.79,161.35,162.15,146.42,7028039,,2614483607.0
2023-02-13,89661,161.33,162.82,161.15,162.75,146.96,6414709,,2614483607.0
2023-02-14,89661,162.74,162.97,161.76,162.04,146.32,6316011,,2614483607.0
2023-02-15,89661,161.95,161.98,159.29,159.37,143.91,12633301,,2614483607.0
2023-02-16,89661,159.07,159.65,157.92,158.24,142.89,11176958,,2614483607.0
2023-02-17,89661,157.02,161.11,156.62,160.39,145.85,12401926,1.13,2614483607.0
2023-02-21,89661,159.65,160.35,157.89,158.0,143.68,9423860,,2614483607.0
2023-02-22,89661,158.5,158.85,157.37,157.78,143.48,9820240,,2614483607.0
2023-02-23,89661,157.71,158.59,156.67,157.73,143.44,9385092,,2614483607.0
2023-02-24,89661,156.65,156.85,155.21,155.97,141.83,8689726,,2614483607.0
2023-02-27,89661,156.45,156.9,155.08,155.63,141.53,7267122,,2614483607.0
2023-02-28,89661,154.98,155.27,153.04,153.26,139.37,9062342,,2614483607.0
2023-03-01,89661,153.01,153.24,151.91,152.57,138.74,6766972,,2614483607.0
2023-03-02,89661,151.75,152.76,151.23,152.45,138.63,8765070,,2614483607.0
2023-03-03,89661,153.37,154.12,152.84,154.02,140.06,5747158,,2614483607.0
2023-03-06,89661,154.66,155.73,154.56,155.56,141.46,8148207,,2614483607.0
2023-03-07,89661,156.09,156.25,153.35,154.09,140.13,7457731,,2614483607.0
2023-03-08,89661,153.98,154.2,152.48,152.96,139.1,6230522,,2614483607.0
2023-03-09,89661,153.46,153.6,150.71,151.24,137.53,7439367,,2614483607.0
2023-03-10,89661,151.86,153.49,151.1,151.61,137.87,8504316,,2614483607.0
2023-03-13,89661,152.09,155.91,151.57,153.06,139.19,10799575,,2614483607.0
2023-03-14,89661,153.28,154.03,151.9,153.92,139.97,8421189,,2614483607.0
2023-03-15,89661,152.84,154.89,152.53,154.35,140.36,7757686,,2614483607.0
2023-03-16,89661,153.45,154.37,152.6,154.03,140.07,7606079,,2614483607.0
2023-03-17,89661,154.48,154.95,152.3,152.38,138.57,20540668,,2614483607.0
2023-03-20,89661,152.47,154.07,152.38,153.89,139.94,7128958,,2614483607.0
2023-03-21,89661,154.0,154.13,152.17,153.89,139.94,8376843,,2614483607.0
2023-03-22,89661,153.85,154.06,151.03,151.05,137.36,7943526,,2614483607.0
2023-03-23,89661,151.18,151.69,150.11,151.13,137.43,9051510,,2614483607.0
2023-03-24,89661,151.48,152.76,150.83,152.65,138.82,5696845,,2614483607.0
2023-03-27,89661,154.2,154.54,153.11,153.3,139.41,6772282,,2614483607.0
2023-03-28,89661,152.39,153.45,151.72,151.82,138.06,6115293,,2614483607.0
2023-03-29,89661,152.24,153.38,152.07,153.31,139.42,6012030,,2614483607.0
2023-03-30,89661,153.58,153.8,152.81,153.43,139.52,4555905,,2614483607.0
2023-03-31,89661,153.79,155.19,153.24,155.0,140.95,9890047,,2614483607.0
2023-04-03,89661,154.95,157.01,153.94,156.85,142.63,6841888,,2614483607.0
2023-04-04,89661,156.97,158.97,156.59,158.49,144.13,8314527,,2614483607.0
2023-04-05,89661,164.37,165.66,162.76,165.61,150.6,16704181,,2614483607.0
2023-04-06,89661,165.99,167.23,164.8,165.15,150.18,9615407,,2614483607.0
2023-04-10,89661,164.63,164.84,163.64,164.32,149.43,5353951,,2614483607.0
2023-04-11,89661,164.42,165.28,164.04,164.27,149.38,5903824,,2614483607.0
2023-04-12,89661,163.94,164.84,163.1,163.92,149.06,5764240,,2614483607.0
2023-04-13,89661,164.18,166.33,163.81,166.11,151.06,5640617,,2614483607.0
2023-04-14,89661,165.97,166.12,164.06,165.84,150.81,7225127,,2614483607.0
2023-04-17,89661,165.74,166.24,164.94,165.67,150.66,8034884,,2614483607.0
2023-04-18,89661,164.25,164.69,159.65,161.01,146.42,14571485,,2614483607.0
2023-04-19,89661,161.99,162.68,161.17,162.53,147.8,6752006,,2614483607.0
2023-04-20,89661,162.43,163.82,160.96,163.58,148.76,9498768,,2614483607.0
2023-04-21,89661,164.44,164.97,161.97,162.69,147.95,7014214,,2614483607.0
2023-04-24,89661,162.69,163.81,161.87,163.68,148.85,5278892,,2614483607.0
2023-04-25,89661,164.31,165.35,164.16,165.18,150.21,6263103,,2614483607.0
2023-04-26,89661,164.09,164.39,162.24,162.62,147.88,5442652,,2614483607.0
2023-04-27,89661,162.9,163.41,162.13,163.0,148.23,5739700,,2614483607.0
2023-04-28,89661,162.81,163.76,162.56,163.7,148.86,6024864,,2614483607.0
2023-05-01,89661,163.6,164.3,162.24,163.6,148.77,4893426,,2614483607.0
2023-05-02,89661,164.34,165.48,163.56,165.03,150.07,7541724,,2614483607.0
2023-05-03,89661,165.55,166.18,162.51,162.87,148.11,5937170,,2614483607.0
2023-05-04,89661,162.68,162.9,161.25,162.13,147.44,5127992,,2614483607.0
2023-05-05,89661,162.84,163.13,161.69,162.68,147.94,5194461,,2614483607.0
2023-05-08,89661,161.99,162.57,161.34,162.31,147.6,4994929,,2614483607.0
2023-05-09,89661,161.75,162.13,160.79,161.05,146.45,5520642,,2614483607.0
2023-05-10,89661,161.2,161.97,160.06,161.65,147.0,6756629,,2614483607.0
2023-05-11,89661,161.83,162.19,159.39,160.99,146.4,5867620,,2614483607.0
2023-05-12,89661,161.36,161.56,160.01,160.78,146.21,3904327,,2614483607.0
2023-05-15,89661,160.8,161.03,158.94,159.55,145.09,5104486,,2614483607.0
2023-05-16,89661,159.06,160.25,158.53,159.34,144.9,5599505,,2614483607.0
2023-05-17,89661,159.79,160.06,157.77,158.99,144.58,6840687,,2614483607.0
2023-05-18,89661,158.66,158.93,157.56,158.48,144.12,5172966,,2614483607.0
2023-05-19,89661,158.59,159.93,158.14,158.91,144.51,6527141,,2614483607.0
2023-05-22,89661,158.0,159.14,156.78,156.87,143.74,5675927,1.19,2614483607.0
2023-05-23,89661,157.1,158.27,156.37,156.81,143.68,5793009,,2614483607.0
2023-05-24,89661,157.08,157.14,155.92,156.66,143.54,5015148,,2614483607.0
2023-05-25,89661,156.05,156.29,153.72,154.41,141.48,6886056,,2614483607.0
2023-05-26,89661,154.69,155.28,154.2,154.35,141.43,6845396,,2614483607.0
2023-05-30,89661,153.97,155.38,153.32,154.37,141.44,5593080,,2614483607.0
2023-05-31,89661,154.69,155.69,153.85,155.06,142.08,10598694,,2614483607.0
2023-06-01,89661,154.54,155.04,153.15,154.54,141.6,7901348,,2614483607.0
2023-06-02,89661,154.72,157.31,154.09,156.97,143.83,7659721,,2614483607.0
2023-06-05,89661,156.75,158.64,156.75,158.32,145.06,6430500,,2614483607.0
2023-06-06,89661,159.58,159.61,157.4,158.18,144.94,5073642,,2614483607.0
2023-06-07,89661,158.1,158.8,157.44,158.52,145.25,6504285,,2614483607.0
2023-06-08,89661,158.5,160.42,157.82,160.26,146.84,5818952,,2614483607.0
2023-06-09,89661,160.42,160.72,159.47,160.01,146.61,6264779,,2614483607.0
2023-06-12,89661,160.0,160.25,158.73,159.9,146.51,6511261,,2614483607.0
2023-06-13,89661,159.73,160.84,159.15,160.74,147.28,6066788,,2614483607.0
2023-06-14,89661,161.6,162.08,160.98,161.56,148.03,6699139,,2614483607.0
2023-06-15,89661,162.05,163.91,161.43,163.73,150.02,7138314,,2614483607.0
2023-06-16,89661,164.48,164.99,163.87,164.23,150.48,13426606,,2614483607.0
2023-06-20,89661,164.26,165.31,163.81,164.13,150.39,7996117,,2614483607.0
2023-06-21,89661,163.58,164.92,162.69,163.88,150.16,7177549,,2614483607.0
2023-06-22,89661,163.9,165.72,163.79,165.62,151.75,5486186,,2614483607.0
2023-06-23,89661,166.11,166.27,165.03,165.48,151.62,9450724,,2614483607.0
2023-06-26,89661,164.98,164.98,161.33,163.63,149.93,6978804,,2614483607.0
2023-06-27,89661,163.68,163.88,162.44,163.29,149.62,4927711,,2614483607.0
2023-06-28,89661,163.2,163.2,161.91,162.96,149.32,6780435,,2614483607.0
2023-06-29,89661,162.64,164.32,162.23,164.1,150.36,4547514,,2614483607.0
2023-06-30,89661,164.86,165.94,164.35,165.52,151.66,7580141,,2614483607.0
2023-07-03,89661,164.34,164.39,162.96,163.35,149.67,4033713,,2598734075.0
2023-07-05,89661,162.99,163.92,162.73,162.81,149.18,7225523,,2598734075.0
2023-07-06,89661,162.25,162.37,161.0,161.6,148.07,6333687,,2598734075.0
2023-07-07,89661,160.47,161.04,159.2,159.25,145.92,7022226,,2598734075.0
2023-07-10,89661,159.43,160.3,159.0,159.51,146.15,5739364,,2598734075.0
2023-07-11,89661,159.13,160.3,157.6,158.63,145.35,6606956,,2598734075.0
2023-07-12,89661,158.94,158.94,157.88,158.08,144.84,6940442,,2598734075.0
2023-07-13,89661,158.0,159.13,157.41,158.81,145.51,6401743,,2598734075.0
2023-07-14,89661,159.18,160.22,158.98,159.87,146.48,5362237,,2598734075.0
2023-07-17,89661,159.75,159.87,158.15,159.07,145.75,5488030,,2598734075.0
2023-07-18,89661,159.07,160.89,158.19,159.06,145.74,6332509,,2598734075.0
2023-07-19,89661,157.91,160.41,157.33,158.74,145.45,7522557,,2598734075.0
2023-07-20,89661,161.94,169.14,161.3,168.38,154.28,21892881,,2598734075.0
2023-07-21,89661,168.18,170.82,168.18,170.19,155.94,12079999,,2598734075.0
2023-07-24,89661,171.5,173.82,170.99,171.08,156.76,15155446,,2598734075.0
2023-07-25,89661,170.45,172.68,169.75,172.39,157.96,13790053,,2598734075.0
2023-07-26,89661,172.0,173.85,171.4,172.72,158.26,14288173,,2598734075.0
2023-07-27,89661,172.18,174.29,172.04,173.69,159.15,12446386,,2598734075.0
2023-07-28,89661,174.0,175.36,173.23,174.48,159.87,14138839,,2598734075.0
2023-07-31,89661,169.69,170.22,166.71,167.53,153.5,22632720,,2598734075.0
2023-08-01,89661,166.37,169.09,166.06,168.89,154.75,15811545,,2598734075.0
2023-08-02,89661,168.85,171.24,168.85,169.91,155.68,14599264,,2598734075.0
2023-08-03,89661,169.95,171.32,169.67,170.64,156.35,17425230,,2598734075.0
2023-08-04,89661,170.34,172.68,167.89,169.04,154.89,23415053,,2598734075.0
2023-08-07,89661,169.49,173.34,169.36,173.1,158.61,17736444,,2598734075.0
2023-08-08,89661,172.99,173.55,171.39,173.18,158.68,27378701,,2598734075.0
2023-08-09,89661,173.0,174.25,172.05,173.07,158.58,42974372,,2598734075.0
2023-08-10,89661,174.0,175.97,171.64,172.17,157.75,48213840,,2598734075.0
2023-08-11,89661,172.48,173.95,171.62,173.85,159.29,45905612,,2598734075.0
2023-08-14,89661,173.52,175.6,171.75,173.44,158.92,64036947,,2598734075.0
2023-08-15,89661,172.8,174.56,172.14,172.94,158.46,88924923,,2598734075.0
2023-08-16,89661,172.53,174.73,172.13,172.39,157.96,85594288,,2598734075.0
2023-08-17,89661,172.86,175.39,172.76,174.01,159.44,70904183,,2598734075.0
2023-08-18,89661,173.17,173.99,171.31,172.49,158.05,49631742,,2598734075.0
2023-08-21,89661,169.69,169.85,165.96,167.35,153.34,151319484,,2598734075.0
2023-08-22,89661,166.86,167.84,165.41,166.02,152.12,56835372,,2598734075.0
2023-08-23,89661,165.9,166.5,163.47,164.53,150.75,119011431,,2598734075.0
2023-08-24,89661,164.03,166.67,163.86,165.09,151.27,70755064,,2598734075.0
2023-08-25,89661,164.3,167.78,164.06,166.25,153.42,18185517,1.19,2598734075.0
2023-08-28,89661,165.0,166.21,163.16,164.29,151.61,18457993,,2598734075.0
2023-08-29,89661,164.87,165.68,162.77,164.31,151.63,12208612,,2598734075.0
2023-08-30,89661,165.11,165.83,163.68,163.73,151.09,9939097,,2598734075.0
2023-08-31,89661,163.37,163.57,161.28,161.68,149.2,15332999,,2598734075.0
2023-09-01,89661,161.42,162.48,160.01,160.48,148.1,8610052,,2598734075.0
2023-09-05,89661,160.56,161.97,160.28,160.68,148.28,9019777,,2598734075.0
2023-09-06,89661,159.84,160.0,157.35,158.01,145.82,9753833,,2598734075.0
2023-09-07,89661,159.14,161.06,158.98,160.03,147.68,9931811,,2598734075.0
2023-09-08,89661,159.59,160.68,159.19,160.56,148.17,6958201,,2598734075.0
2023-09-11,89661,161.06,162.69,160.45,162.66,150.11,6309295,,2598734075.0
2023-09-12,89661,162.22,163.93,161.53,163.58,150.96,6045756,,2598734075.0
2023-09-13,89661,163.76,164.95,163.0,163.99,151.33,7397520,,2598734075.0
2023-09-14,89661,164.68,165.27,163.44,163.74,151.1,7758552,,2598734075.0
2023-09-15,89661,163.98,164.82,161.21,161.45,148.99,13392074,,2598734075.0
2023-09-18,89661,162.12,163.15,160.75,162.47,149.93,5789146,,2598734075.0
2023-09-19,89661,162.25,162.85,161.38,162.2,149.68,5550851,,2598734075.0
2023-09-20,89661,162.19,163.54,161.66,162.91,150.34,3837595,,2598734075.0
2023-09-21,89661,162.57,163.5,161.59,161.66,149.18,4526772,,2598734075.0
2023-09-22,89661,161.3,161.4,160.25,160.5,148.11,4977354,,2598734075.0
2023-09-25,89661,160.07,160.36,158.73,160.26,147.89,6722584,,2598734075.0
2023-09-26,89661,159.81,160.08,158.86,159.02,146.75,4904860,,2598734075.0
2023-09-27,89661,158.58,158.76,155.25,157.11,144.99,10210686,,2598734075.0
2023-09-28,89661,157.5,157.96,156.22,156.88,144.77,7861879,,2598734075.0
2023-09-29,89661,157.37,157.6,155.35,155.75,143.73,7680711,,2598734075.0
2023-10-02,89661,155.42,155.42,153.32,155.15,143.18,7259935,,2408014158.0
2023-10-03,89661,154.68,155.5,153.89,155.34,143.35,5741035,,2408014158.0
2023-10-04,89661,155.57,155.93,154.57,155.52,143.52,4955308,,2408014158.0
2023-10-05,89661,156.27,158.04,156.07,157.14,145.01,5993541,,2408014158.0
2023-10-06,89661,157.08,158.3,156.59,157.64,145.47,5802226,,2408014158.0
2023-10-09,89661,157.18,158.88,157.09,158.54,146.31,4414322,,2408014158.0
2023-10-10,89661,158.38,159.27,157.9,158.36,146.14,5273531,,2408014158.0
2023-10-11,89661,158.46,159.05,156.04,156.18,144.13,6922907,,2408014158.0
2023-10-12,89661,155.92,156.56,155.07,156.33,144.27,5792419,,2408014158.0
2023-10-13,89661,156.73,157.36,156.05,156.85,144.75,5360347,,2408014158.0
2023-10-16,89661,157.82,158.25,156.84,157.53,145.37,6408142,,2408014158.0
2023-10-17,89661,155.98,158.95,154.61,156.09,144.04,12244374,,2408014158.0
2023-10-18,89661,155.41,155.95,152.05,152.73,140.94,9097348,,2408014158.0
2023-10-19,89661,151.67,153.11,150.15,152.32,140.57,7733790,,2408014158.0
2023-10-20,89661,152.74,153.87,152.33,153.0,141.19,7206976,,2408014158.0
2023-10-23,89661,152.86,153.5,151.21,151.39,139.71,5873981,,2408014158.0
2023-10-24,89661,150.75,151.96,150.13,151.23,139.56,6155269,,2408014158.0
2023-10-25,89661,151.24,152.17,150.23,151.57,139.87,5880816,,2408014158.0
2023-10-26,89661,151.97,151.97,148.88,149.0,137.5,7612507,,2408014158.0
2023-10-27,89661,148.49,148.66,144.95,145.6,134.36,11385751,,2408014158.0
2023-10-30,89661,146.09,147.24,146.0,147.03,135.68,8205509,,2408014158.0
2023-10-31,89661,147.54,148.54,146.64,148.34,136.89,7577017,,2408014158.0
2023-11-01,89661,149.19,149.76,148.46,148.69,137.22,5732973,,2408014158.0
2023-11-02,89661,147.71,150.4,147.54,150.24,138.65,5349097,,2408014158.0
2023-11-03,89661,151.21,152.27,150.15,151.34,139.66,4926765,,2408014158.0
2023-11-06,89661,151.78,152.43,151.37,151.7,139.99,4851421,,2408014158.0
2023-11-07,89661,151.93,152.25,150.68,150.9,139.25,4840590,,2408014158.0
2023-11-08,89661,151.35,151.83,150.34,150.35,138.75,5460167,,2408014158.0
2023-11-09,89661,150.5,150.5,147.26,147.42,136.04,6973598,,2408014158.0
2023-11-10,89661,148.25,148.5,145.64,147.25,135.89,6931611,,2408014158.0
2023-11-13,89661,147.25,147.9,146.65,147.63,136.24,5889367,,2408014158.0
2023-11-14,89661,147.64,148.54,146.97,147.66,136.26,6713647,,2408014158.0
2023-11-15,89661,147.35,149.42,147.27,148.8,137.32,6729120,,2408014158.0
2023-11-16,89661,149.5,150.17,148.64,150.1,138.52,6875566,,2408014158.0
2023-11-17,89661,150.55,150.78,149.06,149.79,138.23,7025544,,2408014158.0
2023-11-20,89661,147.91,150.4,147.54,149.91,139.44,8860472,1.19,2408014158.0
2023-11-21,89661,150.1,151.29,149.61,151.12,140.56,5916344,,2408014158.0
2023-11-22,89661,151.63,152.04,150.39,150.82,140.29,4635503,,2408014158.0
2023-11-24,89661,150.86,152.68,150.86,152.5,141.85,3351448,,2408014158.0
2023-11-27,89661,152.29,152.32,150.97,151.28,140.71,6449740,,2408014158.0
2023-11-28,89661,151.4,151.81,150.84,151.63,141.04,5909044,,2408014158.0
2023-11-29,89661,151.33,152.2,151.07,152.11,141.49,5190026,,2408014158.0
2023-11-30,89661,152.26,155.14,151.92,154.66,143.86,12481867,,2408014158.0
2023-12-01,89661,156.44,158.46,155.47,158.38,147.32,10342901,,2408014158.0
2023-12-04,89661,158.0,160.02,158.0,158.88,147.78,8920279,,2408014158.0
2023-12-05,89661,158.8,159.63,158.22,158.55,147.48,7268151,,2408014158.0
2023-12-06,89661,158.52,158.66,156.17,156.62,145.68,6552267,,2408014158.0
2023-12-07,89661,156.58,156.58,154.71,155.4,144.55,6532388,,2408014158.0
2023-12-08,89661,155.42,155.85,153.84,154.42,143.63,6254673,,2408014158.0
2023-12-11,89661,154.5,155.48,154.35,155.06,144.23,6090360,,2408014158.0
2023-12-12,89661,155.0,155.32,153.65,155.07,144.24,5324406,,2408014158.0
2023-12-13,89661,153.66,155.94,151.77,155.79,144.91,10764575,,2408014158.0
2023-12-14,89661,156.47,157.16,155.05,156.87,145.91,9240800,,2408014158.0
2023-12-15,89661,155.49,156.69,153.76,155.16,144.32,21727754,,2408014158.0
2023-12-18,89661,155.21,156.44,154.76,155.44,144.58,7231383,,2408014158.0
2023-12-19,89661,155.3,156.5,154.94,156.46,145.53,6439085,,2408014158.0
2023-12-20,89661,156.54,156.66,153.11,153.27,142.56,7008313,,2408014158.0
2023-12-21,89661,153.69,155.13,153.3,154.84,144.03,4598843,,2408014158.0
2023-12-22,89661,155.25,156.53,155.02,155.46,144.6,3798865,,2408014158.0
2023-12-26,89661,155.0,156.35,154.85,156.14,145.23,4170190,,2408014158.0
2023-12-27,89661,155.5,156.52,155.42,156.35,145.43,5233781,,2408014158.0
2023-12-28,89661,156.0,157.24,155.99,156.58,145.64,4377535,,2408014158.0
2023-12-29,89661,156.51,156.9,155.98,156.74,145.79,4313691,,2408014158.0
2024-01-02,89661,156.93,161.64,156.79,159.97,148.8,9622108,,2408014158.0
2024-01-03,89661,160.64,161.44,159.8,160.97,149.73,8231987,,2408014158.0
2024-01-04,89661,161.59,161.98,160.42,160.63,149.41,6766641,,2408014158.0
2024-01-05,89661,160.5,161.34,159.47,161.13,149.88,5101039,,2408014158.0
2024-01-08,89661,161.1,161.66,159.61,161.53,150.25,6569810,,2408014158.0
2024-01-09,89661,161.63,163.28,160.59,161.63,150.34,6357014,,2408014158.0
2024-01-10,89661,161.82,162.62,161.2,161.87,150.56,4945088,,2408014158.0
2024-01-11,89661,162.07,162.2,160.78,161.15,149.89,4946015,,2408014158.0
2024-01-12,89661,161.84,162.47,161.69,162.39,151.05,4496942,,2408014158.0
2024-01-16,89661,161.57,162.25,160.18,160.52,149.31,6923174,,2408014158.0
2024-01-17,89661,160.25,161.3,159.87,160.43,149.22,5072104,,2408014158.0
2024-01-18,89661,160.0,161.37,159.69,161.21,149.95,5368502,,2408014158.0
2024-01-19,89661,161.15,161.92,160.28,161.68,150.39,7071320,,2408014158.0
2024-01-22,89661,162.0,163.58,161.34,162.47,151.12,6824156,,2408014158.0
2024-01-23,89661,159.66,160.51,156.91,159.81,148.65,9149777,,2408014158.0
2024-01-24,89661,159.75,160.6,158.16,158.96,147.86,6586273,,2408014158.0
2024-01-25,89661,159.0,159.62,158.47,159.56,148.42,5478898,,2408014158.0
2024-01-26,89661,160.43,160.74,159.36,159.5,148.36,5591930,,2408014158.0
2024-01-29,89661,159.01,160.07,158.96,159.36,148.23,6483190,,2408014158.0
2024-01-30,89661,159.35,159.76,158.13,158.77,147.68,7200538,,2408014158.0
2024-01-31,89661,160.4,160.62,158.67,158.9,147.8,8257029,,2408014158.0
2024-02-01,89661,158.16,158.49,157.05,158.36,147.3,8012122,,2408014158.0
2024-02-02,89661,157.97,158.31,155.94,156.61,145.67,8295916,,2408014158.0
2024-02-05,89661,156.61,156.89,155.34,155.8,144.92,9121808,,2408014158.0
2024-02-06,89661,155.83,158.73,155.6,158.06,147.02,9230611,,2408014158.0
2024-02-07,89661,157.8,159.37,157.69,157.98,146.95,8690294,,2408014158.0
2024-02-08,89661,157.34,157.34,155.31,156.4,145.48,9754960,,2408014158.0
2024-02-09,89661,156.27,157.2,155.67,156.76,145.81,6529202,,2408767228.0
2024-02-12,89661,156.58,158.41,156.35,157.85,146.82,6701508,,2408767228.0
2024-02-13,89661,157.64,158.45,155.75,156.47,145.54,8621022,,2408767228.0
2024-02-14,89661,156.35,156.46,154.84,155.74,144.86,9098805,,2408767228.0
2024-02-15,89661,155.98,158.47,155.89,157.92,146.89,7462529,,2408767228.0
2024-02-16,89661,156.6,157.25,155.67,156.55,146.72,8540961,1.19,2408767228.0
2024-02-20,89661,156.56,158.61,156.44,157.86,147.95,9501742,,2408767228.0
2024-02-21,89661,158.02,158.69,157.13,158.68,148.72,7473300,,2408767228.0
2024-02-22,89661,158.98,160.74,157.77,160.45,150.38,8065010,,2408767228.0
2024-02-23,89661,160.88,162.25,160.16,161.84,151.68,6725963,,2408767228.0
2024-02-26,89661,161.8,162.01,160.57,160.79,150.7,5465417,,2408767228.0
2024-02-27,89661,160.34,161.04,159.64,160.98,150.87,5078650,,2408767228.0
2024-02-28,89661,161.0,161.61,160.29,161.55,151.41,6071076,,2408767228.0
2024-02-29,89661,162.0,162.19,160.94,161.38,151.25,9849270,,2408767228.0
2024-03-01,89661,161.83,162.57,161.09,162.12,151.94,5670135,,2408767228.0
2024-03-04,89661,161.32,161.61,158.27,159.84,149.81,8533083,,2408767228.0
2024-03-05,89661,160.62,161.24,159.2,159.97,149.93,8298182,,2408767228.0
2024-03-06,89661,159.46,160.93,159.22,159.34,149.34,5773683,,2408767228.0
2024-03-07,89661,160.0,160.36,158.24,158.87,148.9,5188726,,2408767228.0
2024-03-08,89661,158.87,160.39,158.43,159.52,149.51,5283951,,2408767228.0
2024-03-11,89661,159.49,161.32,158.88,161.23,151.11,4613404,,2408767228.0
2024-03-12,89661,161.58,163.11,161.13,162.74,152.52,8010330,,2408767228.0
2024-03-13,89661,162.53,162.68,159.81,161.1,150.99,6183789,,2408767228.0
2024-03-14,89661,160.94,161.54,158.69,159.21,149.22,6940154,,2408767228.0
2024-03-15,89661,158.06,159.19,157.1,158.18,148.25,13165500,,2408767228.0
2024-03-18,89661,158.57,158.69,156.5,156.76,146.92,6602255,,2408767228.0
2024-03-19,89661,156.67,156.86,155.66,156.21,146.4,7840624,,2408767228.0
2024-03-20,89661,155.7,156.44,155.21,155.76,145.98,5982304,,2408767228.0
2024-03-21,89661,155.59,156.95,155.1,155.75,145.97,5915777,,2408767228.0
2024-03-22,89661,155.69,156.36,155.11,155.23,145.49,7248622,,2408767228.0
2024-03-25,89661,155.4,155.98,154.9,155.22,145.48,7498100,,2408767228.0
2024-03-26,89661,155.61,156.23,154.76,155.77,145.99,6864099,,2408767228.0
2024-03-27,89661,155.99,158.22,155.44,157.96,148.04,8461600,,2408767228.0
2024-03-28,89661,158.2,159.14,158.11,158.19,148.26,6181503,,2408767228.0
2024-04-01,89661,157.72,158.15,156.77,157.78,147.88,4078511,,2408767228.0
2024-04-02,89661,156.57,157.83,155.95,157.73,147.83,5958536,,2408767228.0
2024-04-03,89661,157.79,158.05,154.25,154.26,144.58,8031185,,2408767228.0
2024-04-04,89661,155.31,155.5,152.41,152.5,142.93,6889902,,2408767228.0
2024-04-05,89661,152.03,153.01,151.61,152.39,142.82,6633648,,2408767228.0
2024-04-08,89661,151.99,153.03,151.56,151.59,142.07,5885786,,2408767228.0
2024-04-09,89661,151.55,152.53,150.94,152.29,142.73,6123911,,2408767228.0
2024-04-10,89661,151.53,151.82,149.76,150.2,140.77,6809519,,2408767228.0
2024-04-11,89661,150.8,150.87,148.39,148.79,139.45,8374434,,2408767228.0
2024-04-12,89661,148.06,149.06,147.15,147.52,138.26,7100178,,2408767228.0
2024-04-15,89661,148.37,149.49,147.37,147.59,138.33,8502266,,2408767228.0
2024-04-16,89661,145.01,146.25,143.39,144.45,135.38,12774859,,2408767228.0
2024-04-17,89661,145.0,145.41,143.54,144.77,135.68,9378059,,2408767228.0
2024-04-18,89661,144.98,145.8,143.13,145.74,136.59,9887704,,2408767228.0
2024-04-19,89661,146.15,148.13,144.54,147.91,138.62,9750751,,2408767228.0
2024-04-22,89661,148.51,150.27,147.3,149.12,139.76,10118694,,2408767228.0
2024-04-23,89661,149.86,150.49,148.2,149.56,140.17,10110442,,2408767228.0
2024-04-24,89661,148.14,148.99,146.86,148.53,139.21,9756259,,2408767228.0
2024-04-25,89661,149.37,149.58,146.33,146.82,137.6,7642732,,2406679183.0
2024-04-26,89661,146.7,147.18,145.95,146.14,136.97,6182982,,2406679183.0
2024-04-29,89661,146.14,147.22,145.99,146.82,137.6,6461588,,2406679183.0
2024-04-30,89661,146.88,146.88,144.53,144.59,135.51,8817719,,2406679183.0
2024-05-01,89661,148.74,151.85,147.62,151.18,141.69,14473711,,2406679183.0
2024-05-02,89661,152.04,152.33,149.14,149.92,140.51,8459796,,2406679183.0
2024-05-03,89661,149.89,149.89,147.82,149.27,139.9,6532718,,2406679183.0
2024-05-06,89661,149.87,150.05,147.91,148.58,139.25,5042757,,2406679183.0
2024-05-07,89661,149.38,149.73,148.45,148.72,139.38,7333730,,2406679183.0
2024-05-08,89661,149.12,149.73,148.7,148.95,139.6,7735148,,2406679183.0
2024-05-09,89661,148.98,150.1,148.89,149.85,140.44,6546153,,2406679183.0
2024-05-10,89661,150.0,150.09,149.19,149.91,140.5,5710566,,2406679183.0
2024-05-13,89661,150.04,152.0,149.71,151.22,141.73,5628467,,2406679183.0
2024-05-14,89661,151.85,152.21,150.7,151.38,141.88,8254171,,2406679183.0
2024-05-15,89661,151.82,152.95,151.3,152.67,143.09,5547955,,2406679183.0
2024-05-16,89661,153.0,154.38,152.33,154.28,144.6,7590959,,2406679183.0
2024-05-17,89661,154.86,154.86,153.71,154.64,144.93,6521794,,2406679183.0
2024-05-20,89661,153.1,153.39,151.26,151.27,142.94,7742280,1.24,2406679183.0
2024-05-21,89661,151.78,152.59,150.78,151.24,142.91,5492354,,2406679183.0
2024-05-22,89661,150.84,154.08,150.32,153.5,145.04,6609788,,2406679183.0
2024-05-23,89661,152.75,152.84,149.38,149.7,141.45,8000422,,2406679183.0
2024-05-24,89661,149.53,149.81,146.76,146.97,138.87,9520576,,2406679183.0
2024-05-28,89661,146.79,146.79,144.15,144.38,136.43,10499829,,2406679183.0
2024-05-29,89661,143.82,145.41,143.71,144.44,136.48,8263810,,2406679183.0
2024-05-30,89661,144.62,145.61,144.02,145.28,137.28,8491111,,2406679183.0
2024-05-31,89661,145.57,147.48,145.19,146.67,138.59,14621203,,2406679183.0
2024-06-03,89661,147.25,148.9,146.77,147.74,139.6,7329241,,2406679183.0
2024-06-04,89661,147.48,148.31,146.19,147.8,139.66,8876441,,2406679183.0
2024-06-05,89661,147.97,147.99,145.85,145.97,137.93,5891299,,2406679183.0
2024-06-06,89661,145.5,147.0,144.66,146.42,138.35,5016301,,2406679183.0
2024-06-07,89661,146.68,148.3,146.34,147.08,138.98,5111626,,2406679183.0
2024-06-10,89661,146.53,147.56,145.6,147.13,139.02,5751309,,2406679183.0
2024-06-11,89661,146.81,147.16,145.44,146.76,138.67,5661236,,2406679183.0
2024-06-12,89661,147.06,147.21,144.78,145.41,137.4,6180493,,2406679183.0
2024-06-13,89661,145.07,146.0,143.88,145.45,137.44,6840374,,2406679183.0
2024-06-14,89661,145.14,145.97,144.48,145.54,137.52,4075342,,2406679183.0
2024-06-17,89661,145.02,146.43,144.74,145.95,137.91,6666583,,2406679183.0
2024-06-18,89661,145.96,146.39,145.26,145.65,137.63,6156572,,2406679183.0
2024-06-20,89661,145.27,148.08,145.01,147.78,139.64,8749717,,2406679183.0
2024-06-21,89661,147.89,149.08,147.37,148.75,140.55,15176869,,2406679183.0
2024-06-24,89661,149.0,149.72,148.17,149.12,140.9,6914671,,2406679183.0
2024-06-25,89661,149.18,149.2,146.94,147.19,139.08,6620303,,2406679183.0
2024-06-26,89661,146.2,147.19,145.78,146.82,138.73,5267809,,2406679183.0
2024-06-27,89661,146.8,147.36,144.84,145.8,137.77,5739246,,2406679183.0
2024-06-28,89661,146.04,147.07,145.65,146.16,138.11,10495735,,2406679183.0
2024-07-01,89661,146.07,148.7,145.62,146.44,138.37,5144443,,2406679183.0
2024-07-02,89661,146.43,147.15,145.74,146.03,137.98,5491962,,2406679183.0
2024-07-03,89661,146.2,146.65,144.74,145.69,137.66,3246157,,2406679183.0
2024-07-05,89661,145.77,146.55,144.5,146.48,138.41,4888535,,2406679183.0
2024-07-08,89661,146.4,147.22,145.25,145.48,137.47,5260229,,2406679183.0
2024-07-09,89661,145.67,147.13,145.18,147.05,138.95,5892187,,2406679183.0
2024-07-10,89661,147.26,149.47,146.68,149.43,141.2,6093187,,2406679183.0
2024-07-11,89661,149.58,150.58,148.64,149.7,141.45,6352109,,2406679183.0
2024-07-12,89661,150.0,150.88,149.24,149.88,141.62,5336394,,2406679183.0
2024-07-15,89661,150.08,150.25,148.87,149.24,141.02,6711354,,2406679183.0
2024-07-16,89661,149.69,151.08,149.16,151.01,142.69,6469582,,2406679183.0
2024-07-17,89661,151.55,157.49,151.41,156.58,147.95,13801429,,2406679183.0
2024-07-18,89661,155.6,157.07,154.62,155.42,146.86,10166247,,2406679183.0
2024-07-19,89661,156.51,156.51,154.12,154.69,146.17,7398036,,2407243667.0
2024-07-22,89661,154.77,155.11,153.59,154.24,145.74,6840609,,2407243667.0
2024-07-23,89661,153.31,153.5,151.57,152.35,143.96,6261870,,2407243667.0
2024-07-24,89661,152.76,156.41,152.33,156.28,147.67,7168217,,2407243667.0
2024-07-25,89661,156.48,160.58,156.0,159.64,150.85,10019578,,2407243667.0
2024-07-26,89661,159.75,161.58,159.47,160.64,151.79,8356878,,2407243667.0
2024-07-29,89661,159.97,160.0,158.05,158.56,149.82,5625204,,2407243667.0
2024-07-30,89661,158.54,161.55,158.36,161.33,152.44,6545677,,2407243667.0
2024-07-31,89661,159.85,160.35,157.74,157.85,149.15,8293239,,2407243667.0
2024-08-01,89661,158.48,160.81,157.71,160.76,151.9,7213419,,2407243667.0
2024-08-02,89661,161.9,164.85,161.0,164.14,155.1,11280357,,2407243667.0
2024-08-05,89661,163.79,165.78,160.58,161.25,152.37,12032209,,2407243667.0
2024-08-06,89661,161.05,161.48,158.94,158.97,150.21,7607144,,2407243667.0
2024-08-07,89661,158.87,160.62,158.19,158.9,150.15,5993028,,2407243667.0
2024-08-08,89661,158.57,160.7,158.03,160.22,151.39,5094830,,2407243667.0
2024-08-09,89661,160.12,160.93,159.34,160.62,151.77,4579186,,2407243667.0
2024-08-12,89661,160.97,161.7,158.71,159.88,151.07,7605419,,2407243667.0
2024-08-13,89661,160.27,160.37,156.44,158.39,149.66,9711395,,2407243667.0
2024-08-14,89661,157.83,159.55,157.4,158.48,149.75,5141249,,2407243667.0
2024-08-15,89661,158.37,159.5,157.84,159.09,150.33,7237785,,2407243667.0
2024-08-16,89661,159.14,159.94,158.18,159.39,150.61,5012774,,2407243667.0
2024-08-19,89661,159.46,160.29,159.13,159.63,150.84,4408517,,2407243667.0
2024-08-20,89661,160.0,160.93,159.67,160.16,151.34,7275133,,2407243667.0
2024-08-21,89661,160.4,161.48,160.31,161.43,152.54,5019375,,2407243667.0
2024-08-22,89661,162.0,162.49,160.79,162.35,153.41,6552142,,2407243667.0
2024-08-23,89661,162.5,164.22,161.69,164.13,155.09,7093429,,2407243667.0
2024-08-26,89661,164.17,165.71,163.54,164.61,155.54,6870622,,2407243667.0
2024-08-27,89661,163.5,164.03,162.16,162.95,155.14,4388728,1.24,2407243667.0
2024-08-28,89661,163.0,165.0,162.71,163.92,156.07,5187198,,2407243667.0
2024-08-29,89661,164.63,164.72,163.36,164.23,156.36,7390125,,2407243667.0
2024-08-30,89661,164.12,165.98,163.81,165.86,157.91,7971017,,2407243667.0
2024-09-03,89661,165.24,167.81,164.77,167.16,159.15,6956452,,2407243667.0
2024-09-04,89661,167.81,168.85,166.04,167.36,159.34,6568082,,2407243667.0
2024-09-05,89661,167.2,167.37,164.83,164.99,157.09,4600392,,2407243667.0
2024-09-06,89661,165.18,165.94,164.12,164.38,156.51,6016884,,2407243667.0
2024-09-09,89661,164.84,167.41,164.47,166.61,158.63,7538233,,2407243667.0
2024-09-10,89661,167.5,168.46,166.75,167.38,159.36,6559734,,2407243667.0
2024-09-11,89661,166.79,166.79,164.09,164.82,156.92,5920165,,2407243667.0
2024-09-12,89661,164.2,165.1,162.71,164.64,156.75,4541046,,2407243667.0
2024-09-13,89661,164.74,165.75,163.82,165.52,157.59,3693548,,2407243667.0
2024-09-16,89661,166.36,167.25,165.78,166.99,158.99,5187887,,2407243667.0
2024-09-17,89661,166.24,167.72,165.93,167.07,159.07,5066586,,2407243667.0
2024-09-18,89661,166.63,168.35,165.74,166.15,158.19,4722765,,2407243667.0
2024-09-19,89661,166.23,166.37,164.42,164.82,156.92,4956119,,2407243667.0
2024-09-20,89661,164.3,164.87,163.55,164.16,156.3,11838967,,2407243667.0
2024-09-23,89661,164.4,164.5,162.72,163.22,155.4,4671645,,2407243667.0
2024-09-24,89661,162.79,163.49,161.55,162.78,154.98,6041561,,2407243667.0
2024-09-25,89661,163.0,163.31,160.36,160.6,152.91,5420011,,2407243667.0
2024-09-26,89661,160.24,161.54,160.02,161.39,153.66,6122231,,2407243667.0
2024-09-27,89661,162.0,163.43,161.34,161.4,153.67,7553905,,2407243667.0
2024-09-30,89661,161.57,162.18,160.68,162.06,154.3,6010407,,2407243667.0
2024-10-01,89661,162.43,162.75,161.18,161.99,154.23,4408019,,2407243667.0
2024-10-02,89661,161.51,162.12,160.65,161.17,153.45,4684472,,2407243667.0
2024-10-03,89661,160.78,161.44,160.22,160.5,152.81,4791223,,2407243667.0
2024-10-04,89661,159.63,160.5,158.78,160.29,152.61,5331694,,2407243667.0
2024-10-07,89661,160.25,160.86,159.22,159.53,151.89,4265971,,2407243667.0
2024-10-08,89661,159.49,160.25,158.95,159.69,152.04,4766250,,2407243667.0
2024-10-09,89661,159.92,161.22,159.51,160.65,152.95,6047269,,2407243667.0
2024-10-10,89661,161.36,161.39,160.0,160.51,152.82,4793889,,2407243667.0
2024-10-11,89661,162.18,162.66,161.2,161.46,153.73,5253459,,2407243667.0
2024-10-14,89661,161.4,162.14,160.9,161.6,153.86,5963961,,2407243667.0
2024-10-15,89661,160.0,166.75,159.0,164.1,156.24,10547966,,2407243667.0
2024-10-16,89661,164.0,164.99,162.64,164.28,156.41,5982291,,2407622972.0
2024-10-17,89661,164.26,165.0,163.63,164.47,156.59,4798238,,2407622972.0
2024-10-18,89661,164.89,165.29,163.93,165.12,157.21,5908012,,2407622972.0
2024-10-21,89661,165.1,165.25,162.31,162.83,155.03,6082736,,2407622972.0
2024-10-22,89661,162.32,163.73,161.9,163.45,155.62,5680612,,2407622972.0
2024-10-23,89661,162.82,166.0,162.42,165.86,157.91,7442026,,2407622972.0
2024-10-24,89661,165.0,165.51,163.34,163.67,155.83,5386525,,2407622972.0
2024-10-25,89661,163.68,163.92,160.61,160.88,153.17,6400449,,2407622972.0
2024-10-28,89661,161.13,161.97,161.0,161.6,153.86,4842653,,2407622972.0
2024-10-29,89661,161.46,162.17,160.06,160.09,152.42,5216879,,2407622972.0
2024-10-30,89661,159.45,161.28,159.03,160.61,152.92,5820530,,2407622972.0
2024-10-31,89661,159.99,160.87,159.46,159.86,152.2,8613860,,2407622972.0
2024-11-01,89661,160.58,161.06,159.88,160.13,152.46,5256652,,2407622972.0
2024-11-04,89661,159.7,160.28,158.07,158.24,150.66,4644011,,2407622972.0
2024-11-05,89661,157.67,158.59,156.35,158.35,150.76,6547074,,2407622972.0
2024-11-06,89661,159.9,160.85,157.35,157.88,150.32,8926601,,2407622972.0
2024-11-07,89661,158.47,158.75,156.51,156.73,149.22,7522812,,2407622972.0
2024-11-08,89661,157.0,157.08,155.41,155.47,148.02,8926134,,2407622972.0
2024-11-11,89661,155.62,157.58,154.91,155.04,147.61,7146759,,2407622972.0
2024-11-12,89661,154.53,155.04,152.37,152.64,145.33,7181408,,2407622972.0
2024-11-13,89661,152.5,153.51,151.42,153.24,145.9,7162233,,2407622972.0
2024-11-14,89661,153.18,153.59,150.76,151.87,144.6,7716385,,2407622972.0
2024-11-15,89661,150.9,154.43,150.9,154.0,146.62,11328515,,2407622972.0
2024-11-18,89661,152.59,155.33,152.33,154.77,147.36,7514177,,2407622972.0
2024-11-19,89661,153.94,153.99,152.05,153.0,145.67,8233678,,2407622972.0
2024-11-20,89661,153.03,153.25,151.81,153.11,145.78,9061274,,2407622972.0
2024-11-21,89661,153.62,156.06,152.81,155.5,148.05,10141056,,2407622972.0
2024-11-22,89661,155.9,157.12,154.11,155.17,147.74,8265961,,2407622972.0
2024-11-25,89661,155.17,157.03,155.14,155.78,148.32,12256242,,2407622972.0
2024-11-26,89661,155.16,155.25,153.16,154.52,148.3,5683499,1.24,2407622972.0
2024-11-27,89661,154.63,156.63,154.6,155.4,149.14,4140444,,2407622972.0
2024-11-29,89661,154.89,155.67,154.17,155.01,148.77,5687821,,2407622972.0
2024-12-02,89661,154.75,155.0,153.93,154.8,148.57,6946494,,2407622972.0
2024-12-03,89661,154.8,154.8,152.31,152.36,146.23,8674415,,2407622972.0
2024-12-04,89661,151.29,151.56,149.75,150.47,144.41,10333110,,2407622972.0
2024-12-05,89661,150.0,150.38,148.95,149.52,143.5,7898098,,2407622972.0
2024-12-06,89661,149.39,150.05,148.38,149.31,143.3,8389611,,2407622972.0
2024-12-09,89661,149.29,150.89,148.44,149.6,143.58,8410303,,2407622972.0
2024-12-10,89661,149.93,150.83,148.33,149.23,143.22,9398671,,2407622972.0
2024-12-11,89661,148.5,148.5,146.37,146.64,140.74,13446656,,2407622972.0
2024-12-12,89661,147.2,147.77,146.01,146.24,140.35,6176269,,2407622972.0
2024-12-13,89661,145.66,146.93,145.04,146.62,140.72,8324900,,2407622972.0
2024-12-16,89661,146.73,147.25,143.52,143.85,138.06,8732378,,2407622972.0
2024-12-17,89661,143.84,146.66,143.71,146.41,140.52,10342958,,2407622972.0
2024-12-18,89661,145.68,146.74,144.67,144.75,138.92,9336094,,2407622972.0
2024-12-19,89661,144.14,145.22,143.37,143.58,137.8,9516653,,2407622972.0
2024-12-20,89661,143.05,145.47,142.75,144.47,138.65,17702755,,2407622972.0
2024-12-23,89661,144.63,145.33,143.45,145.27,139.42,8720824,,2407622972.0
2024-12-24,89661,145.0,145.85,144.33,145.85,139.98,3164071,,2407622972.0
2024-12-26,89661,145.51,146.37,145.09,145.58,139.72,4656981,,2407622972.0
2024-12-27,89661,144.87,146.6,144.68,145.05,139.21,5588306,,2407622972.0
2024-12-30,89661,144.84,144.88,142.95,143.34,137.57,6268692,,2407622972.0
2024-12-31,89661,143.76,144.67,143.31,144.62,138.8,5811401,,2407622972.0
2025-01-02,89661,145.23,145.77,143.78,144.02,138.22,6051330,,2407622972.0
2025-01-03,89661,144.07,144.57,143.62,144.19,138.38,5879816,,2407622972.0
2025-01-06,89661,143.51,144.81,142.93,143.66,137.88,7910493,,2407622972.0
2025-01-07,89661,143.75,147.18,143.59,146.23,140.34,8422010,,2407622972.0
2025-01-08,89661,145.49,145.59,141.44,142.27,136.54,11175552,,2407622972.0
2025-01-10,89661,141.0,143.67,140.68,142.06,136.34,8821541,,2407622972.0
2025-01-13,89661,142.98,145.07,142.31,144.47,138.65,10376377,,2407622972.0
2025-01-14,89661,144.5,144.81,142.86,144.75,138.92,8681741,,2407622972.0
2025-01-15,89661,145.31,146.05,144.26,144.97,139.13,7434562,,2407622972.0
2025-01-16,89661,144.32,148.07,144.06,147.77,141.82,8964016,,2407622972.0
2025-01-17,89661,147.44,148.38,146.61,147.03,141.11,10773054,,2407622972.0
2025-01-21,89661,147.56,148.86,147.05,148.15,142.19,11111747,,2407622972.0
2025-01-22,89661,144.0,145.47,142.11,145.27,139.42,16834747,,2407622972.0
2025-01-23,89661,145.44,147.91,144.81,146.64,140.74,10506361,,2407622972.0
2025-01-24,89661,146.81,147.63,146.38,146.82,140.91,9887682,,2407622972.0
2025-01-27,89661,148.45,153.45,148.0,152.89,146.73,15152314,,2407622972.0
2025-01-28,89661,152.66,152.97,150.3,150.38,144.33,10320613,,2407622972.0
2025-01-29,89661,150.5,151.88,150.0,151.15,145.06,7156421,,2407622972.0
2025-01-30,89661,151.91,154.14,151.36,152.87,146.72,8910983,,2407622972.0
2025-01-31,89661,152.62,153.18,152.06,152.15,146.02,8458715,,2407622972.0
2025-02-03,89661,152.0,152.47,150.78,151.87,145.76,6687487,,2407622972.0
2025-02-04,89661,151.36,154.18,150.94,153.49,147.31,9645289,,2407622972.0
2025-02-05,89661,153.82,154.73,153.31,154.69,148.46,8946957,,2407622972.0
2025-02-06,89661,154.79,154.84,153.38,153.51,147.33,7418468,,2407616693.0
2025-02-07,89661,153.53,154.49,152.8,153.12,146.96,6204916,,2407616693.0
2025-02-10,89661,153.61,154.37,152.29,154.24,148.03,6936561,,2407616693.0
2025-02-11,89661,154.11,156.39,153.94,156.13,149.84,7554811,,2407616693.0
2025-02-12,89661,155.27,155.66,154.27,155.26,149.01,7746014,,2407616693.0
2025-02-13,89661,155.26,158.13,154.79,157.25,150.92,10705077,,2407616693.0
2025-02-14,89661,157.29,157.47,156.06,156.15,149.86,6411840,,2407616693.0
2025-02-18,89661,154.14,155.45,153.24,154.99,149.94,9670657,1.24,2407616693.0
2025-02-19,89661,155.0,158.3,154.75,157.89,152.75,7974736,,2407616693.0
2025-02-20,89661,156.95,159.95,156.95,159.68,154.48,7224030,,2407616693.0
2025-02-21,89661,159.88,163.51,159.28,162.3,157.01,12546930,,2407616693.0
2025-02-24,89661,162.68,164.87,162.05,163.74,158.4,10201917,,2407616693.0
2025-02-25,89661,164.1,166.43,163.94,166.09,160.68,12303697,,2407616693.0
2025-02-26,89661,165.08,165.13,162.56,163.08,157.77,11396410,,2407616693.0
2025-02-27,89661,162.31,163.95,161.73,163.73,158.4,8364573,,2407616693.0
2025-02-28,89661,164.31,165.94,162.7,165.02,159.64,12037415,,2407616693.0
2025-03-03,89661,164.96,167.33,164.84,167.28,161.83,9191464,,2407616693.0
2025-03-04,89661,168.08,169.99,165.32,165.42,160.03,11999962,,2407616693.0
2025-03-05,89661,164.51,166.46,163.53,165.12,159.74,8745050,,2407616693.0
2025-03-06,89661,165.0,165.87,163.51,165.83,160.43,8037888,,2407616693.0
2025-03-07,89661,165.13,168.46,164.7,166.69,161.26,9637593,,2407616693.0
2025-03-10,89661,167.48,169.9,167.05,167.7,162.24,17523663,,2407616693.0
2025-03-11,89661,167.2,167.3,165.05,165.86,160.46,9890648,,2407616693.0
2025-03-12,89661,163.73,164.21,162.23,162.85,157.54,8010692,,2407616693.0
2025-03-13,89661,163.43,164.54,162.66,162.99,157.68,5286734,,2407616693.0
2025-03-14,89661,162.12,163.15,161.1,162.81,157.51,6235797,,2407616693.0
2025-03-17,89661,162.41,163.5,161.73,162.84,157.53,6669815,,2407616693.0
2025-03-18,89661,163.44,164.86,162.97,164.25,158.9,7348974,,2407616693.0
2025-03-19,89661,163.97,164.36,162.21,162.99,157.68,5936637,,2407616693.0
2025-03-20,89661,163.0,163.2,161.93,163.02,157.71,7485930,,2407616693.0
2025-03-21,89661,163.0,164.13,162.48,163.63,158.3,17047106,,2407616693.0
2025-03-24,89661,162.84,164.39,162.5,163.29,157.97,8046565,,2407616693.0
2025-03-25,89661,163.52,164.19,160.56,161.02,155.77,7456197,,2407616693.0
2025-03-26,89661,161.21,162.49,160.64,161.72,156.45,7223773,,2407616693.0
2025-03-27,89661,162.35,164.06,161.32,163.13,157.81,6752466,,2407616693.0
2025-03-28,89661,163.59,164.52,162.91,163.71,158.38,5760545,,2407616693.0
2025-03-31,89661,164.37,166.63,164.23,165.84,160.44,12481400,,2407616693.0
2025-04-01,89661,160.73,161.81,153.13,153.25,148.26,23303065,,2407616693.0
2025-04-02,89661,154.01,155.79,153.45,155.36,150.3,10356920,,2407616693.0
2025-04-03,89661,158.75,160.65,157.48,159.82,154.61,13249313,,2407616693.0
2025-04-04,89661,159.16,159.82,152.93,153.24,148.25,16601728,,2407616693.0
2025-04-07,89661,151.28,152.71,147.4,150.62,145.71,18083040,,2407616693.0
2025-04-08,89661,153.59,153.59,148.0,150.0,145.11,12018391,,2407616693.0
2025-04-09,89661,142.2,153.19,141.5,150.97,146.05,18773742,,2407616693.0
2025-04-10,89661,150.37,151.2,145.13,148.69,143.85,13830474,,2407616693.0
2025-04-11,89661,149.33,152.35,148.19,151.73,146.79,9943851,,2407616693.0
2025-04-14,89661,151.59,154.67,151.17,154.36,149.33,10685338,,2407616693.0
2025-04-15,89661,155.7,156.3,152.1,153.62,148.61,10847653,,2407616693.0
2025-04-16,89661,155.37,155.63,152.24,153.91,148.9,7987296,,2407616693.0
2025-04-17,89661,154.16,159.44,154.16,157.47,152.34,10981067,,2407616693.0
2025-04-21,89661,157.96,158.23,155.49,156.92,151.81,6285438,,2406073279.0
2025-04-22,89661,157.55,158.72,156.26,157.75,152.61,7136321,,2406073279.0
2025-04-23,89661,156.49,157.1,154.33,155.38,150.32,9099438,,2406073279.0
2025-04-24,89661,155.8,155.9,153.44,154.93,149.88,8310425,,2406073279.0
2025-04-25,89661,154.32,154.9,152.45,154.58,149.54,8643927,,2406073279.0
2025-04-28,89661,155.5,155.81,153.82,155.35,150.29,5815179,,2406073279.0
2025-04-29,89661,155.45,157.02,154.29,155.91,150.83,5246725,,2406073279.0
2025-04-30,89661,158.2,158.2,155.02,156.31,151.22,9598156,,2406073279.0
2025-05-01,89661,155.0,155.09,153.36,154.46,149.43,7325849,,2406073279.0
2025-05-02,89661,156.07,156.72,155.04,156.12,151.03,5974539,,2406073279.0
2025-05-05,89661,156.67,156.79,154.72,155.0,149.95,5464496,,2406073279.0
2025-05-06,89661,154.82,155.9,153.69,154.47,149.44,8644189,,2406073279.0
2025-05-07,89661,154.74,157.94,154.5,157.3,152.17,7854106,,2406073279.0
2025-05-08,89661,155.82,157.03,154.78,155.66,150.59,7606095,,2406073279.0
2025-05-09,89661,155.42,156.06,153.81,154.22,149.2,6520449,,2406073279.0
2025-05-12,89661,152.02,155.36,151.18,154.14,149.12,9023782,,2406073279.0
2025-05-13,89661,151.7,151.7,148.08,148.44,143.6,10549609,,2406073279.0
2025-05-14,89661,148.66,148.82,146.12,146.36,141.59,10215952,,2406073279.0
2025-05-15,89661,148.0,149.65,147.33,149.61,144.74,7945768,,2406073279.0
2025-05-16,89661,149.67,151.5,149.22,151.33,146.4,8051150,,2406073279.0
2025-05-19,89661,151.89,152.66,151.05,152.49,147.52,12639948,,2406073279.0
2025-05-20,89661,152.33,154.04,152.12,153.66,148.65,7351451,,2406073279.0
2025-05-21,89661,153.19,154.43,153.0,153.18,148.19,7032225,,2406073279.0
2025-05-22,89661,152.65,153.32,151.37,152.61,147.64,7535335,,2406073279.0
2025-05-23,89661,153.0,153.48,152.21,152.94,147.96,6727539,,2406073279.0
2025-05-27,89661,152.52,154.04,151.93,153.25,149.51,6990694,1.3,2406073279.0
2025-05-28,89661,153.28,153.64,151.93,152.43,148.71,8459310,,2406073279.0
2025-05-29,89661,151.75,154.04,151.56,153.58,149.84,6810982,,2406073279.0
2025-05-30,89661,153.9,155.71,153.22,155.21,151.43,15529716,,2406073279.0
2025-06-02,89661,154.48,155.54,152.3,155.4,151.61,6669669,,2406073279.0
2025-06-03,89661,154.8,155.66,154.08,154.42,150.66,8209757,,2406073279.0
2025-06-04,89661,154.93,154.93,153.13,153.22,149.49,6983861,,2406073279.0
2025-06-05,89661,153.68,154.09,152.64,153.66,149.91,5296258,,2406073279.0
2025-06-06,89661,154.0,156.03,154.0,155.03,151.25,5391841,,2406073279.0
2025-06-09,89661,154.85,155.99,154.45,155.23,151.45,5319232,,2406073279.0
2025-06-10,89661,155.43,157.44,155.02,156.45,152.64,6791881,,2406073279.0
2025-06-11,89661,156.3,156.6,154.73,155.26,151.48,6016039,,2406073279.0
2025-06-12,89661,156.24,156.68,155.17,156.66,152.84,7075511,,2406073279.0
2025-06-13,89661,155.97,157.67,155.97,157.1,153.27,6587849,,2406073279.0
2025-06-16,89661,156.42,156.5,154.45,155.22,151.44,7023995,,2406073279.0
2025-06-17,89661,154.97,155.28,152.1,152.38,148.67,6407098,,2406073279.0
2025-06-18,89661,152.57,152.65,150.71,150.73,147.06,8325237,,2406073279.0
2025-06-20,89661,151.26,151.4,149.04,149.79,146.14,22605471,,2406073279.0
2025-06-23,89661,149.74,151.43,149.74,151.32,147.63,7397853,,2406073279.0
2025-06-24,89661,151.5,152.72,150.98,152.19,148.48,9544217,,2406073279.0
2025-06-25,89661,151.38,153.07,150.73,152.28,148.57,7153708,,2406073279.0
2025-06-26,89661,152.7,153.22,151.53,152.01,148.3,7156903,,2406073279.0
2025-06-27,89661,152.01,153.33,151.01,152.41,148.69,10010787,,2406073279.0
2025-06-30,89661,152.16,152.97,151.52,152.75,149.03,9039552,,2406073279.0
2025-07-01,89661,153.0,157.75,152.81,155.92,152.12,10896676,,2406073279.0
2025-07-02,89661,156.0,156.3,155.07,155.56,151.77,5544030,,2406073279.0
2025-07-03,89661,155.43,156.28,154.88,156.01,152.21,3482521,,2406073279.0
2025-07-07,89661,156.02,156.35,154.89,155.27,151.49,6270887,,2406073279.0
2025-07-08,89661,154.48,156.76,154.21,155.79,151.99,6438221,,2406073279.0
2025-07-09,89661,155.79,156.69,155.06,156.28,152.47,6147685,,2406073279.0
2025-07-10,89661,156.1,159.24,155.82,157.69,153.85,6733128,,2406073279.0
2025-07-11,89661,157.09,157.18,155.18,156.9,153.08,7872172,,2406073279.0
2025-07-14,89661,156.87,157.47,155.52,156.82,153.0,10185632,,2406073279.0
2025-07-15,89661,156.36,157.19,154.8,155.17,151.39,6873200,,2406073279.0
2025-07-16,89661,160.3,166.12,159.8,164.78,160.76,22134769,,2406073279.0
2025-07-17,89661,163.18,164.7,162.3,162.98,159.01,11295747,,2406073279.0
2025-07-18,89661,163.93,165.1,163.36,163.7,159.71,9793046,,2408338872.0
2025-07-21,89661,163.77,164.91,162.78,164.36,160.35,8254003,,2408338872.0
2025-07-22,89661,165.0,168.06,164.71,167.93,163.84,9287991,,2408338872.0
2025-07-23,89661,168.6,169.12,166.59,169.1,164.98,10617636,,2408338872.0
2025-07-24,89661,169.5,169.99,168.88,169.56,165.43,6636918,,2408338872.0
2025-07-25,89661,169.75,169.88,167.44,168.3,164.2,6255183,,2408338872.0
2025-07-28,89661,167.86,167.94,165.05,166.22,162.17,8014640,,2408338872.0
2025-07-29,89661,166.67,168.78,166.37,168.11,164.01,7663408,,2408338872.0
2025-07-30,89661,167.69,168.61,166.78,167.26,163.18,6189161,,2408338872.0
2025-07-31,89661,165.93,167.07,164.23,164.74,160.72,11036179,,2408338872.0
2025-08-01,89661,165.47,167.62,164.79,167.33,163.25,8928229,,2408338872.0
2025-08-04,89661,167.03,171.19,166.64,171.04,166.87,12679095,,2408338872.0
2025-08-05,89661,170.54,171.56,169.65,170.74,166.58,7934442,,2408338872.0
2025-08-06,89661,169.91,172.18,169.68,170.59,166.43,8957240,,2408338872.0
2025-08-07,89661,171.17,171.62,169.92,171.53,167.35,9315942,,2408338872.0
2025-08-08,89661,171.02,173.96,170.39,173.33,169.1,7686765,,2408338872.0
2025-08-11,89661,173.4,174.6,173.05,173.82,169.58,7256778,,2408338872.0
2025-08-12,89661,174.0,174.75,171.81,172.78,168.57,7917437,,2408338872.0
2025-08-13,89661,173.0,174.54,172.69,174.42,170.17,5878666,,2408338872.0
